City_ID,City,Country,Max Temp,Current Description,Lat,Lng,Hotel Name
2,Mahebourg,MU,76.24,broken clouds,-20.4081,57.7,Shandrani Beachcomber Resort & Spa
5,Mouila,GA,74.12,overcast clouds,-1.8685,11.0559,H√¥tel du Lac Bleu
6,Bambous Virieux,MU,77.25,broken clouds,-20.3428,57.7575,Casa Tia Villa
8,Salalah,OM,87.89,clear sky,17.0151,54.0924,HAMDAN PLAZA HOTEL SALALAH
11,Ribeira Grande,PT,68.5,overcast clouds,38.5167,-28.7,Quinta da Meia Eira
12,Port Elizabeth,ZA,66.09,scattered clouds,-33.918,25.5701,39 On Nile Guest House
13,Qui Nhon,VN,83.66,scattered clouds,13.7667,109.2333,Hoang Yen Canary Hotel
14,Binzhou,CN,75.27,light rain,37.3667,118.0167,Hampton By Hilton Binzhou
17,Saint-Philippe,RE,77.22,light rain,-21.3585,55.7679,"Chambres d'h√¥te ""La Trinit√©"""
18,Wum,CM,65.07,overcast clouds,6.3833,10.0667,Wum Council Hall
24,Kanigoro,ID,86.92,scattered clouds,-8.13,112.219,Musafer Villa ( Villa Erlin )
27,Jiazi,CN,86.38,clear sky,22.8779,116.067,Hotel Jin Hao
29,Belmonte,BR,75.7,broken clouds,-15.8631,-38.8828,Pousada Monte Carmelo O P√£o
31,Tamandare,BR,75.36,scattered clouds,-8.7597,-35.1047,Pousada 100 Passos
35,Olot,ES,65.68,overcast clouds,42.181,2.4901,Hotel Riu Fluvi√†
36,Rikitea,PF,73.47,clear sky,-23.1203,-134.9692,People ThankYou
43,Sokoto,NG,76.12,broken clouds,13.0609,5.239,Shukura Coral Hotel
44,Lagoa,PT,66.56,scattered clouds,39.05,-27.9833,Casa Das Faias
46,Vaini,TO,69.96,few clouds,-21.2,-175.2,Keleti Beach Resort
47,Laguna,US,66.24,clear sky,38.421,-121.4238,"Holiday Inn Express & Suites Elk Grove Central - Hwy 99, an IHG Hotel"
48,Hilo,US,80.28,light rain,19.7297,-155.09,Hilo Hawaiian Hotel
55,East London,ZA,68.52,broken clouds,-33.0153,27.9116,Tu Casa
58,Nouadhibou,MR,73.38,clear sky,20.931,-17.0347,El Medina
60,San Cristobal,VE,65.43,broken clouds,7.7669,-72.225,Posada Villaven C.A.
63,Topolobampo,MX,81.05,clear sky,25.6,-109.05,Hotel Marina Topolobampo
69,Inhambane,MZ,79.38,clear sky,-23.865,35.3833,Oceano
70,Dali,CN,75.79,clear sky,25.7,100.1833,Dali Travelling With Hostel
71,Sao Filipe,CV,78.24,broken clouds,14.8961,-24.4956,Hotel Xaguate
74,Parrita,CR,82.17,overcast clouds,9.5201,-84.3225,Beso del Viento
76,Bintulu,MY,84.61,scattered clouds,3.1667,113.0333,900 Boutique INN
77,Muscatine,US,73.38,clear sky,41.4667,-91.1335,Bed Bekfast
79,Yeppoon,AU,76.78,few clouds,-23.1333,150.7333,Villa Mar Colina
82,Omboue,GA,77.02,overcast clouds,-1.5746,9.2618,Hotel Olako
83,San Patricio,US,79.83,scattered clouds,28.017,-97.5169,"Motel 6 Sinton, TX"
84,Kirando,TZ,81.48,few clouds,-7.4167,30.6,Lakeshore Lodge
85,Georgetown,MY,85.95,few clouds,5.4112,100.3354,Cititel Penang
89,Bolitoc,PH,86.23,scattered clouds,15.7395,119.8769,Seasun Beach Resort & Hotel
91,Portland,US,65.21,light rain,45.5234,-122.6762,Embassy Suites by Hilton Portland Downtown
92,Butaritari,KI,83.57,light rain,3.0707,172.7902,Isles Sunset Lodge
94,Bajmok,RS,66.16,light rain,45.9688,19.4243,Kuca Puna Slova
96,Bengkulu,ID,83.75,broken clouds,-3.8004,102.2655,Grage Hotel Bengkulu
97,Mahina,PF,78.57,few clouds,-17.5065,-149.489,Guest Beach Bungalow Tahiti
98,Lang Son,VN,89.56,few clouds,21.8333,106.7333,Khai Nga Hotel
106,Mogadishu,SO,79.9,broken clouds,2.0371,45.3438,Hotel Juba
108,Puerto Ayora,EC,68.56,broken clouds,-0.7393,-90.3518,Finch Bay Galapagos Hotel
112,Cidreira,BR,65.43,few clouds,-30.1811,-50.2056,Hotel Castelo
114,Panaba,MX,74.71,clear sky,21.2833,-88.2667,Posada rosario
115,Champerico,GT,81.36,overcast clouds,14.3,-91.9167,"Hotel y restaurante ""El Diamante"""
117,Santa Cruz,BO,74.66,smoke,-17.8,-63.1667,Aviador Hotel Boutique
118,Makakilo City,US,79.12,broken clouds,21.3469,-158.0858,Marriott's Ko Olina Beach Club
121,Port Alfred,ZA,67.64,few clouds,-33.5906,26.891,The Halyards Hotel
123,Porto Novo,BJ,76.82,overcast clouds,6.4965,2.6036,Tour Eiffel Hotel Benin
125,Hasaki,JP,77.29,few clouds,35.7333,140.8333,Hotel Sunrise Choshi
126,Kavieng,PG,82.9,light rain,-2.5744,150.7967,Nusa Island Retreat
127,Isla Mujeres,MX,77.16,clear sky,21.2311,-86.731,Hotel La Joya Isla Mujeres
128,Saint-Georges,GD,80.28,few clouds,12.0564,-61.7485,Radisson Grenada Beach Resort
129,Avarua,CK,75.25,light rain,-21.2078,-159.775,Paradise Inn
134,Katsuura,JP,81.1,few clouds,35.1333,140.3,Katsuura Hotel Mikazuki
136,Fare,PF,79.36,light rain,-16.7,-151.0167,Maitai Lapita Village Huahine
137,Kirakira,SB,80.69,overcast clouds,-10.4544,161.9205,SanBiz Lodge
139,Abu Kamal,SY,79.56,clear sky,34.4506,40.9171,ŸÖÿ≠ÿ∑ÿ© ÿßŸÑÿ™ŸÑŸÅÿßÿ≤
140,Bombay,IN,84.18,haze,19.0144,72.8479,Hotel Avon Ruby-Dadar
146,Qunduz,AF,84.11,clear sky,36.729,68.857,Spin Zar cotton company
148,Namatanai,PG,84.2,scattered clouds,-3.6667,152.4333,Seagulls Inn Namatani
149,Atuona,PF,78.22,clear sky,-9.8,-139.0333,Villa Enata
150,Cabo San Lucas,MX,82.51,scattered clouds,22.8909,-109.9124,Hotel Tesoro Los Cabos
151,Zemio,CF,71.92,overcast clouds,5.0314,25.1361,OCHA Office
153,Monrovia,LR,73.17,heavy intensity rain,6.3005,-10.7969,Sunset Inn
154,Canon City,US,72.03,clear sky,38.441,-105.2424,Travel Inn Motel
156,Cao Bang,VN,90.12,clear sky,22.6667,106.25,kh√°ch s·∫°n 88
160,Cayenne,GF,80.1,scattered clouds,4.9333,-52.3333,H√¥tel Le Dronmi
162,Asfi,MA,66.56,scattered clouds,32.2994,-9.2372,H√¥tel Abda
163,Victoria,HK,89.65,scattered clouds,22.2855,114.1577,Mini Hotel Central
164,Orbetello,IT,73.8,fog,42.4408,11.2196,Argentario Golf Resort & Spa
165,Conde,BR,74.66,overcast clouds,-7.2597,-34.9075,Pousada Beija Flor
175,Saint-Pierre,RE,77.29,light rain,-21.3393,55.4781,Lindsey H√¥tel
179,Vao,NC,67.95,few clouds,-22.6667,167.4833,Hotel Kou-Bugny
180,Lucapa,AO,73.63,overcast clouds,-8.4192,20.7447,Resid√™ncia Ulisses Dos Santos
184,Alice Springs,AU,94.55,scattered clouds,-23.7,133.8833,Desert Palms Alice Springs
185,Victor Harbor,AU,77.72,broken clouds,-35.5667,138.6167,McCracken Country Club
186,Arraial Do Cabo,BR,70.5,broken clouds,-22.9661,-42.0278,Pousada Porto Praia
188,Akyab,MM,85.55,overcast clouds,20.15,92.9,Hotel Memory
189,Zhongshu,CN,75.11,clear sky,24.5167,103.7667,Xintianlong Hotel
190,Waingapu,ID,85.89,broken clouds,-9.6567,120.2641,Pondok Wisata Elim
191,Port Hawkesbury,CA,66.18,light rain,45.6169,-61.3485,MacKenzie House Tourist Home B&B
193,Sabang,ID,81.63,moderate rain,5.8933,95.3214,Hotel Citra
195,Hithadhoo,MV,82.92,overcast clouds,-0.6,73.0833,Scoop Guest House
196,Moussoro,TD,85.12,broken clouds,13.6408,16.4901,H√¥tel Maltina
200,Naze,JP,83.32,scattered clouds,28.3667,129.4833,„Ç™„Éº„Éô„É´„Ç∏„É•„Éª„Ç¢„Ç¨„É´„Ç§
201,Kahului,US,78.84,few clouds,20.8947,-156.47,Maui Seaside Hotel
203,Nelson Bay,AU,65.1,few clouds,-32.7167,152.15,Mantra Nelson Bay
207,Bam,IR,90.68,clear sky,29.106,58.357,Bam Tourist Hotel
210,Faanui,PF,79.66,clear sky,-16.4833,-151.75,Bora-Bora Pearl Beach Resort & Spa
211,Souillac,MU,77.38,broken clouds,-20.5167,57.5167,Shanti Maurice Resort & Spa
213,Umm Lajj,SA,87.28,clear sky,25.0213,37.2685,Moon light Furnished Units
214,Ottumwa,US,73.94,clear sky,41.02,-92.4113,Hampton Inn Ottumwa
217,Puerto Ayacucho,VE,73.15,overcast clouds,5.6639,-67.6236,Posada Turistica Manapiare
218,Dingle,PH,86.16,overcast clouds,10.9995,122.6711,SEGAYA PROPERTY
219,Minab,IR,92.7,broken clouds,27.1467,57.0801,Bam campground
220,Odweyne,SO,83.26,clear sky,9.4092,45.064,Eng Hiirey House
222,Kapaa,US,82.38,light rain,22.0752,-159.319,Sheraton Kauai Coconut Beach Resort
223,Guerrero Negro,MX,68.72,clear sky,27.9769,-114.0611,"Casa Laguna, Bed & Breakfast"
224,Carmen,MX,80.55,broken clouds,18.6333,-91.8333,Hotel Lossandes
227,Galle,LK,81.01,overcast clouds,6.0367,80.217,Amangalla
228,Lazaro Cardenas,MX,78.78,overcast clouds,17.9583,-102.2,quinta antigua
229,Shancheng,CN,72.64,overcast clouds,34.7953,116.0817,Shanxian Golden Dragon Hotel
230,Utete,TZ,82.4,scattered clouds,-7.986,38.758,River View Lodge
233,Wangkui,CN,69.96,scattered clouds,46.8333,126.5,Xinxinyuan Restaurant
236,Kontagora,NG,72.64,broken clouds,10.3999,5.4695,Queens Guest Inn
237,Kerema,PG,81.54,overcast clouds,-7.9631,145.7785,Frena Lodge
239,Airai,TL,76.77,broken clouds,-8.9266,125.4092,Juvinal Martin
240,Metro,ID,89.53,light rain,-5.1131,105.3067,OYO 3177 Wisma Lintang
242,Mehriz,IR,72.1,clear sky,31.5917,54.4318,Mehrgard dwelling/ÿ≥ÿ±ÿß€å ŸÖŸáÿ±⁄Øÿ±ÿØ
246,Caravelas,BR,69.35,overcast clouds,-17.7125,-39.2481,Pousada dos Navegantes
247,Hobyo,SO,83.37,scattered clouds,5.3505,48.5268,Halane Hotel and Restaurent
248,Sotuta,MX,73.38,broken clouds,20.6,-89.0167,"Posada ""Las Palmas"""
249,Padang,ID,86.05,moderate rain,-0.9492,100.3543,Mercure Padang
251,Maple Creek,CA,72.01,scattered clouds,49.9168,-109.4848,Willowbend Campground & Cabins
252,Puerto Escondido,MX,78.71,overcast clouds,15.85,-97.0667,Aldea del Bazar Hotel and Spa
253,Kloulklubed,PW,86.5,broken clouds,7.0419,134.2556,Storyboard Beach Resort
256,Nicoya,CR,69.35,overcast clouds,10.1483,-85.452,Las Cabinas Del Sue√±o
257,Mutoko,ZW,70.7,clear sky,-17.397,32.2268,Mutoko Hotel
258,Puerto Suarez,BO,76.66,few clouds,-18.95,-57.8,Hotel casa real
260,Bathsheba,BB,79.41,scattered clouds,13.2167,-59.5167,Atlantis Hotel
261,Bubaque,GW,82.96,light rain,11.2833,-15.8333,"Casa Dora, Bubaque"
265,Roald,NO,67.12,few clouds,62.5833,6.1333,Flem Cabins
267,Ballina,AU,66.38,overcast clouds,-28.8667,153.5667,Ramada Hotel & Suites by Wyndham Ballina Byron
268,Tura,IN,90.9,scattered clouds,25.5198,90.2201,Hotel RIKMAN Continental
271,Dhidhdhoo,MV,81.57,light rain,6.8833,73.1,Dhidhoo beach
272,Ponta Do Sol,PT,70.72,few clouds,32.6667,-17.1,Hotel do Campo
275,Puerto Del Rosario,ES,73.15,few clouds,28.5004,-13.8627,Hotel JM Puerto del Rosario
279,Adzope,CI,70.75,overcast clouds,6.1069,-3.8619,H√¥tel AKL
286,Bosaso,SO,93.65,scattered clouds,11.2842,49.1816,Red Sea Hotel
291,Diffa,NE,82.18,broken clouds,13.3154,12.6113,ProDAF/Diffa
293,Kingman,US,71.19,clear sky,35.1894,-114.053,Rodeway Inn Kingman Route 66
295,Isangel,VU,75.31,broken clouds,-19.55,169.2667,Tanna Lodge
299,Jaciara,BR,74.97,few clouds,-15.9653,-54.9683,Taba Hotel
300,Richards Bay,ZA,73.54,scattered clouds,-28.783,32.0377,BON Hotel Waterfront Richards Bay
301,Lethem,GY,76.87,scattered clouds,3.3803,-59.7968,Savannah Inn
304,Carnarvon,AU,71.67,clear sky,-24.8667,113.6333,Hospitality Carnarvon
305,Saint George,US,79.95,clear sky,37.1041,-113.5841,Best Western Plus Abbey Inn
306,Korla,CN,77.65,clear sky,41.7597,86.1469,Gulisitan Hotel
308,Iglesias,IT,70.79,overcast clouds,39.3114,8.535,"B&B Mare Monti Miniere - Sardinia sud-ovest, trekkink climbing Masua"
309,Pombas,CV,76.78,broken clouds,17.1503,-25.0201,Paul Paradis
310,Flinders,AU,66.18,few clouds,-34.5833,150.8552,Shellharbour Resort & Conference Centre
311,Odzak,BA,66.29,overcast clouds,45.0111,18.3267,Hotel Euro
312,Mazamari,PE,72.12,overcast clouds,-11.3258,-74.5308,Hospedaje Ratto
314,Port Blair,IN,84.42,moderate rain,11.6667,92.75,"Welcomhotel By ITC Hotels, Bay Island, Port Blair"
315,Karpathos,GR,75.16,few clouds,35.507,27.2132,Alex
316,Arona,ES,68.76,few clouds,28.0996,-16.681,Paradise Court
317,Albert Town,JM,75.7,light rain,18.2943,-77.5424,Meridian guest house
320,Maine-Soroa,NE,83.14,scattered clouds,13.2114,12.0241,Complexe
322,Camapua,BR,75.42,scattered clouds,-19.5314,-54.0439,Comercial Estrela
323,Takoradi,GH,73.98,overcast clouds,4.8845,-1.7554,Raybow International Hotel
325,Les Cayes,HT,78.46,broken clouds,18.2,-73.75,Villa Orphee
328,Sola,VU,81.27,overcast clouds,-13.8833,167.55,Leumerus Bungalows
330,Mangrol,IN,82.89,overcast clouds,21.1167,70.1167,Hotel The Royal Honours
331,Machiques,VE,76.08,few clouds,10.0644,-72.545,hotel el markes
332,Vilhena,BR,71.78,scattered clouds,-12.7406,-60.1458,Hotel Mirage
333,Galesong,ID,89.62,few clouds,-5.3166,119.3661,Sapriadi Appy
334,Ixtapa,MX,76.23,overcast clouds,20.7,-105.2,Hotel Plaza Providencia
340,Cabo Rojo,PR,79.92,few clouds,18.0866,-67.1457,Hotel Perichi's
341,Wajima,JP,77.68,broken clouds,37.4,136.9,Wajiima Onsen Yashio
343,Port Moresby,PG,85.42,haze,-9.4431,147.1797,Lamana Hotel (Port Moresby)
344,Galveston,US,77.97,broken clouds,29.3669,-94.9669,Comfort Inn & Suites Texas City
348,Lashio,MM,87.98,overcast clouds,22.9333,97.75,Hotel CF Lashio - Burmese Only
349,Tiarei,PF,78.82,few clouds,-17.5333,-149.3333,Le Rocher de Tahiti
352,Shingu,JP,79.79,overcast clouds,33.7333,135.9833,Shingu UI Hotel
354,Tucuman,AR,69.8,clear sky,-26.8241,-65.2226,HOTEL MIAMI
356,Kathmandu,NP,82.62,few clouds,27.7167,85.3167,Hotel Shanker Kathmandu
360,Cururupu,BR,74.93,few clouds,-1.8283,-44.8683,POUSADA TRAV√âS'CIA
361,Lorengau,PG,82.26,moderate rain,-2.0226,147.2712,Lorengau Harbourside Hotel
363,Jaipur,IN,87.12,haze,26.9167,75.8167,Naila Bagh Palace
365,Buala,SB,83.14,light rain,-8.145,159.5921,Maringe Lagoon Lodge
367,Dong Hoi,VN,84.09,scattered clouds,17.4833,106.6,Nam Long Hotel
368,San Nicolas,PH,86.31,few clouds,18.1725,120.5953,NORTHVIEW Hotel
369,Kaseda,JP,83.43,few clouds,31.4167,130.3167,Sun Stay Kaseda
374,Marechal Candido Rondon,BR,70.25,clear sky,-24.5561,-54.0567,Hotel Bender
376,Tabuk,PH,89.4,few clouds,17.4189,121.4443,Golden Berries Hotel and Convention
377,Manvi,IN,78.12,overcast clouds,15.9833,77.05,My Manvi Home : AKSHAYA NILAYA
378,Daru,PG,80.13,broken clouds,-9.0763,143.2092,Daru Lodge
379,Grand Gaube,MU,77.4,broken clouds,-20.0064,57.6608,Veranda Paul et Virginie Hotel & Spa
381,Geraldton,AU,68.41,broken clouds,-28.7667,114.6,Broadwater Mariner Resort
383,Miranda,CO,66.33,few clouds,3.2499,-76.2281,unidiversidad organica la utopia
384,Shenjiamen,CN,78.55,scattered clouds,29.9576,122.298,Jinjiang Inn Zhoushan Putuo Shenjiamen
385,Muisne,EC,74.39,overcast clouds,0.6,-80.0333,Quinta Samay
387,Auki,SB,81.81,broken clouds,-8.7676,160.7034,Auki Motel
389,Tortoli,IT,73.22,scattered clouds,39.9256,9.6572,Hotel La Bitta
392,Atar,MR,88.34,clear sky,20.5169,-13.0499,Oumou Elghoura
393,Cap Malheureux,MU,77.49,broken clouds,-19.9842,57.6142,Pereybere Hotel & Spa
394,Kulhudhuffushi,MV,81.63,light rain,6.6221,73.07,Hondaafushi Island Resort
396,Jaque,PA,78.71,light rain,7.5175,-78.1703,Imbu Bua Lodge
398,Gat,IL,79.92,clear sky,31.61,34.7642,OlusHome
402,Mier,MX,79.48,overcast clouds,26.4333,-99.15,Mier 09
404,San Carlos,VE,73.35,overcast clouds,9.6612,-68.5827,Hotel Paternopoli
406,Cockburn Town,TC,82.8,clear sky,21.4612,-71.1419,Osprey Beach Hotel
410,Espita,MX,73.36,few clouds,21.0167,-88.3167,Ya'axche' Senderos Celestes
411,Hobbs,US,70.68,clear sky,32.7026,-103.136,Best Western Executive Inn
412,Misratah,LY,74.25,broken clouds,32.3754,15.0925,ŸÅŸÜÿØŸÇ ÿßŸÑŸÖÿßÿ≥ÿ©
413,Quatre Cocos,MU,77.11,broken clouds,-20.2078,57.7625,Sunrise Attitude Hotel
417,Marsa Matruh,EG,75.52,clear sky,31.3525,27.2453,Beau Site
422,Atlantic City,US,67.98,clear sky,39.3643,-74.4229,Courtyard by Marriott Atlantic City Beach Block
424,Jinchang,CN,73.51,overcast clouds,38.4953,102.1739,Mingshihui Jinchang International Hotel
429,Esmeraldas,BR,70.66,broken clouds,-19.7625,-44.3139,Bom Ser√° - Marcinho e Fernanda
430,Pahrump,US,80.26,clear sky,36.2083,-115.9839,Best Western Pahrump Oasis
431,Nemuro,JP,66.63,clear sky,43.3236,145.575,Hotel Nemuro Kaiyoutei
432,Kediri,ID,92.61,scattered clouds,-7.8167,112.0167,Grand Surya Hotel Kediri
433,Kawalu,ID,81.64,overcast clouds,-7.3817,108.2082,KOSAN UNGU UNSIK
434,Kamyaran,IR,71.55,clear sky,34.7956,46.9355,Mobile Adab ŸÖŸàÿ®ÿß€åŸÑ ÿßÿØÿ®
435,Batticaloa,LK,91.08,overcast clouds,7.7102,81.6924,Grand Star Guest House
436,Cam Ranh,VN,87.76,few clouds,11.9214,109.1591,OYO 598 Peony Hotel
437,Tam Ky,VN,91.38,few clouds,15.5667,108.4833,Kh√°ch S·∫°n ƒê√¥ng √Å
438,Mecca,SA,91.13,broken clouds,21.4267,39.8261,"Makkah Clock Royal Tower, A Fairmont Hotel"
440,Marawi,PH,76.64,broken clouds,7.9986,124.2928,Derogongan Residence
443,Hambantota,LK,84.96,overcast clouds,6.1241,81.1185,Bungalow 63
445,Havelock,US,68.94,clear sky,34.8791,-76.9013,Sherwood Motel
447,Alofi,NU,76.15,overcast clouds,-19.0595,-169.9187,Taloa Heights
448,Urumqi,CN,67.15,clear sky,43.801,87.6005,Hua Ling Grand Hotel Urumqi
450,Itarema,BR,78.55,few clouds,-2.9248,-39.9167,"Sea Lounge! Bar, Club & Restaurant"
451,Masindi,UG,70.27,scattered clouds,1.6744,31.715,New Court View Hotel
455,Kabare,CD,67.5,light rain,-2.4683,28.8242,H√¥tel Panorama
457,La Maddalena,IT,71.65,broken clouds,41.2142,9.4083,Hotel Il Gabbiano
458,Pyapon,MM,76.17,overcast clouds,16.2833,95.6833,Aung Naing Thu Motel
460,Tateyama,JP,81.01,few clouds,34.9833,139.8667,Tateyama Seaside Hotel
461,Shu,KZ,73.29,clear sky,43.5983,73.7614,Shyngyzkhan
463,Touros,BR,74.3,broken clouds,-5.1989,-35.4608,INN NEW HORIZON
466,Ocos,GT,81.32,overcast clouds,14.5094,-92.1933,Auto Hotel El So√±ador
467,Kotido,UG,74.79,scattered clouds,2.9806,34.1331,Loware Joseph Mukasa's Residence
470,Paracuru,BR,80.62,scattered clouds,-3.41,-39.0306,Hotel Vento Brasil
471,Eyl,SO,88.56,scattered clouds,7.9803,49.8164,Amiin Hotel
472,Keetmanshoop,,69.08,broken clouds,-26.5833,18.1333,Quiver Inn Guesthouse
475,Fairhope,US,72.75,clear sky,30.523,-87.9033,Hampton Inn Fairhope-Mobile Bay
477,Vallenar,CL,65.17,clear sky,-28.5708,-70.7581,Humacao Bed & Breakfast
480,Nakamura,JP,72.37,overcast clouds,32.9833,132.9333,Hotel Crown Hills Nakamura
485,Salinopolis,BR,78.6,broken clouds,-0.6136,-47.3561,Salinas Park Resort Ma√ßarico AP101
487,Broken Hill,AU,73.47,clear sky,-31.95,141.4333,Royal Exchange Hotel
490,Rosetta,EG,76.64,clear sky,31.4044,30.4164,Green Valley
491,Marsala,IT,77.0,few clouds,37.7966,12.4352,Villa Favorita Hotel e Resort
492,Joshimath,IN,79.2,clear sky,30.5667,79.5667,Shivalik Camps & Resort
494,Redlands,US,74.01,clear sky,34.0556,-117.1825,Dynasty Suites Redlands
496,Nara,JP,83.57,few clouds,34.6851,135.8049,Guesthouse Nara Komachi
497,Coahuayana,MX,77.7,overcast clouds,18.7333,-103.6833,El rranchito michuacan de ocampos
498,Hengshui,CN,77.09,overcast clouds,37.7322,115.7011,Eaka Hotel Hengshui Railway Station Branch
499,Samarai,PG,79.79,broken clouds,-10.6167,150.6667,Nuli Sapi
501,Saint-Joseph,RE,76.21,light rain,-21.3667,55.6167,"""Plantation Bed and Breakfast"
509,Kavaratti,IN,81.81,overcast clouds,10.5669,72.642,Hotels in Lakshadweep Islands
510,Boralday,KZ,78.66,scattered clouds,43.3578,76.8594,"Zhetysu, Too Zhetysu"
511,Rialma,BR,70.18,broken clouds,-15.315,-49.5844,Don Antonio Hotel
512,Porangatu,BR,74.64,few clouds,-13.4408,-49.1486,Wembley Park Hotel
514,Dunkwa,GH,71.89,overcast clouds,5.9656,-1.78,Tim Freeman Gold City Hotel
515,Marrakesh,MA,66.27,clear sky,31.6315,-8.0083,Novotel Marrakech Hivernage
516,Rizhao,CN,76.08,overcast clouds,35.4275,119.4553,Novotel Rizhao Suning
517,Kihei,US,78.84,few clouds,20.785,-156.4656,Maui Sunset
519,Itupiranga,BR,75.52,light rain,-5.1347,-49.3267,Hotel Panorama
520,Areia Branca,BR,74.97,overcast clouds,-4.9561,-37.1369,Areia Branca Apart Hotel
521,Westport,US,66.76,clear sky,41.1415,-73.3579,The Westport Inn
523,Tupa,BR,66.7,moderate rain,-21.9347,-50.5136,Grande Hotel Tamoios
533,Phan Thiet,VN,86.31,scattered clouds,10.9333,108.1,Hotel Saigon-PT
534,Nakatsugawa,JP,78.85,scattered clouds,35.4833,137.5,Plaza Hotel Sakae
536,Afonso Bezerra,BR,75.58,broken clouds,-5.4983,-36.5056,Pousada Shammah
537,Pochutla,MX,74.48,broken clouds,15.7432,-96.4661,Hotel Posada San Jose
538,Muroran,JP,68.25,overcast clouds,42.3172,140.9881,Muroran Prince Hotel
539,Dicabisagan,PH,88.23,few clouds,17.0818,122.4157,Nancy Montanes Bernardo
540,Yazoo City,US,66.76,clear sky,32.8551,-90.4056,Hampton Inn Yazoo City
542,Pokhara,NP,84.97,scattered clouds,28.2333,83.9833,Butterfly Lodge
543,Mujiayingzi,CN,70.7,clear sky,42.1167,118.7833,Jinjiang Hotel
544,Bourail,NC,69.71,scattered clouds,-21.5667,165.4833,Motel Allamanda
545,Madingou,CG,75.79,overcast clouds,-4.1536,13.55,HOTEL KIM ELISA
547,Tautira,PF,78.82,scattered clouds,-17.7333,-149.15,Pension Oaoa
548,Matamoros,MX,80.11,broken clouds,25.5333,-103.25,Quinta Belem
549,Xihe,CN,81.97,broken clouds,31.6864,113.4659,Xintiandi Business Hotel
551,Roebourne,AU,85.95,clear sky,-20.7833,117.1333,Latitude20 Roebourne Village
552,Fenoarivo,MG,66.27,scattered clouds,-18.933,47.4354,Skyfol Ambodiafontsy
554,Banda Aceh,ID,84.81,light rain,5.5577,95.3222,Sulthan Hotel International
555,Gujrat,PK,87.76,clear sky,32.5728,74.079,Aziz Butt
557,Benguela,AO,69.03,clear sky,-12.5763,13.4055,Hotel Praia Morena
558,Los Llanos De Aridane,ES,70.12,volcanic ash,28.6585,-17.9182,Valle Aridane
559,Carauari,BR,72.61,broken clouds,-4.8828,-66.8958,Hotel Fellip
560,Barda,AZ,65.48,clear sky,40.3744,47.1267,Prins Motel Restoran
561,Jalu,LY,71.69,clear sky,29.0331,21.5482,ÿµÿßÿ≠ÿ®ÿ© ÿßŸÑŸÅÿÆÿßŸÖÿ©
563,Alta Floresta,BR,69.96,overcast clouds,-9.8756,-56.0861,Floresta Amazonica Hotel
564,Hervey Bay,AU,71.04,overcast clouds,-25.2986,152.8535,Shelly Bay Resort
565,Thanatpin,MM,77.18,moderate rain,17.2119,96.3033,Lo Ta Ya Garden
566,Triolet,MU,77.29,broken clouds,-20.0547,57.5453,Trou aux Biches Beachcomber Golf Resort & Spa
567,Denpasar,ID,83.86,few clouds,-8.65,115.2167,ASTON Denpasar Hotel & Convention Center
568,Uaua,BR,68.45,few clouds,-9.8414,-39.4817,Hotel Uau√°
569,Sigli,ID,82.98,overcast clouds,5.3848,95.9609,Losmen Dua Mali
570,Malanje,AO,66.65,broken clouds,-9.5402,16.341,Malanje Hotel
572,Pocone,BR,77.94,broken clouds,-16.2567,-56.6228,Hotel e Churrascaria Pantaneira
573,Biltine,TD,81.25,broken clouds,14.5333,20.9167,H√¥tel Trois √âtoiles de Biltine
574,Sur,OM,92.32,clear sky,22.5667,59.5289,Sur Plaza Hotel
577,Jamiltepec,MX,69.1,overcast clouds,16.2833,-97.8167,Hotel C√°diz
580,Sinnai,IT,75.72,few clouds,39.3042,9.2036,La Rosa Dei Venti Sardinya
581,Grand-Santi,GF,71.44,few clouds,4.25,-54.3833,Hotel La Villa Couacou
585,Carutapera,BR,76.96,few clouds,-1.195,-46.02,Lidera
586,Marsaxlokk,MT,77.07,clear sky,35.8419,14.5431,Water's Edge
587,Karratha,AU,84.31,clear sky,-20.7377,116.8463,ibis Styles Karratha
590,Vila Franca Do Campo,PT,69.19,overcast clouds,37.7167,-25.4333,Pestana Bahia Praia
599,Araceli,PH,83.8,overcast clouds,10.5529,119.9913,JBryan Traveler's Inn
600,Rockhampton,AU,76.89,clear sky,-23.3833,150.5,Mercure Rockhampton
602,Fukue,JP,80.96,few clouds,32.6881,128.8419,Goto Guesthouse Utojuku & SA Car Rental
603,Utmanzai,PK,90.21,clear sky,34.188,71.7629,Durrani‚Äôs Qala
604,Sorong,ID,83.84,light rain,-0.8833,131.25,waigo splash hotel
605,Teguise,ES,68.22,few clouds,29.0605,-13.564,B&B La Casona de Nazaret
608,Santa Fe Do Sul,BR,71.89,overcast clouds,-20.2111,-50.9258,Litani Park Hotel - Hotel Santa F√© do Sul
613,Kijang,KR,78.53,broken clouds,35.2442,129.2139,Samyang Beach Villa
615,Dwarka,IN,84.0,overcast clouds,22.2394,68.9678,Hotel Narayan Avezika Comfort
617,Tongling,CN,81.63,overcast clouds,30.95,117.7833,Huoxian Hotel
619,Ambovombe,MG,75.83,clear sky,-25.1667,46.0833,RELAHARA
620,Gobabis,,69.66,few clouds,-22.45,18.9667,Goba Lodge
623,Quthing,LS,71.73,clear sky,-30.4,27.7003,Mountainside Hotel
624,Kamaishi,JP,70.75,scattered clouds,39.2667,141.8833,Hotel Route Inn Kamaishi
627,Phalodi,IN,92.75,clear sky,27.1333,72.3667,"HOTEL NEW GOLDEN PALACE , PHALODI"
632,Kudahuvadhoo,MV,81.09,overcast clouds,2.6708,72.8944,Niyama Private Islands Maldives
634,Aswan,EG,83.73,clear sky,24.0934,32.907,Nuba Nile
636,Semnan,IR,71.87,clear sky,35.5729,53.3971,Semnan Tourist Hotel
638,Batemans Bay,AU,68.2,clear sky,-35.7167,150.1833,Batemans Bay Marina Resort
639,Kokopo,PG,81.79,moderate rain,-4.352,152.2633,Kokopo Beach Bungalow Resort
640,Santa Cruz Cabralia,BR,75.43,scattered clouds,-16.2781,-39.0247,Puerto Princesa Inn
642,Oussouye,SN,78.98,overcast clouds,12.485,-16.5469,Auberge du Routard
643,Oistins,BB,78.89,scattered clouds,13.0667,-59.5333,Butterfly Beach Hotel
645,Nuevo Progreso,MX,78.6,few clouds,23.1667,-97.95,Balneario Rio el Paraiso
646,Sinnamary,GF,79.0,clear sky,5.3833,-52.95,ALETHEIA Appartement Sinnamary
648,Keti Bandar,PK,87.76,broken clouds,24.1447,67.4497,Haji laloo memon house
649,Abu Zabad,SD,79.52,scattered clouds,12.35,29.25,ÿ≠ÿßŸÖÿØ ŸÖÿ≠ŸÖÿØ ŸÜŸàÿ±
650,Amethi,IN,91.58,broken clouds,26.15,81.8167,Taj Hotel
653,Ugoofaaru,MV,82.08,overcast clouds,5.6667,73.0,Ungoofaaru Inn
657,Jacareacanga,BR,73.44,overcast clouds,-6.2222,-57.7528,Casa do Ianüòé
658,Faya,SA,75.31,clear sky,18.3851,42.4509,ÿßŸÖŸÑÿßŸÉ ÿÆÿßŸÑÿØ ÿßŸÑÿ¥ÿπÿ¥Ÿàÿπ
659,Kupang,ID,86.58,scattered clouds,-10.1667,123.5833,Hotel On The Rock by Prasanthi
664,Shuangyang,CN,70.14,overcast clouds,43.5242,125.6736,Boutique Chatelet
665,Moyale,KE,70.92,clear sky,3.5167,39.0584,La Tahzan Guest House
668,San Juan De Colon,VE,69.17,scattered clouds,8.0313,-72.2605,Hotel San Francisco de Padua C.A
670,Francistown,BW,72.09,clear sky,-21.17,27.5079,Budget House
671,Lafiagi,NG,75.81,overcast clouds,8.8667,5.4167,Bus group international
672,Biak,ID,83.25,broken clouds,-0.9131,122.8766,Penginapan Kim
673,Bahia Honda,CU,77.07,light rain,22.9036,-83.1592,Casa Gualberto - Deysi
674,Port Macquarie,AU,67.37,broken clouds,-31.4333,152.9167,Rydges Port Macquarie
676,Tual,ID,80.91,overcast clouds,-5.6667,132.75,Grand Vilia Hotel
677,Tarragona,ES,68.14,clear sky,41.129,1.249,Hotel SB Ciutat de Tarragona
678,Acarau,BR,78.71,few clouds,-2.8856,-40.12,castelo pizzaria
679,Aquiraz,BR,82.22,broken clouds,-3.9014,-38.3911,Pousada Rua Camurupim
680,Kiunga,PG,83.16,overcast clouds,-6.1219,141.2906,Airport Lodge Kiunga
682,Basoko,CD,75.16,overcast clouds,1.2391,23.616,Jackyna Hotel
683,Cairns,AU,88.07,overcast clouds,-16.9167,145.7667,Mantra Trilogy Cairns
687,Puerto Colombia,CO,84.29,scattered clouds,10.9878,-74.9547,Hotel El Emigrante
688,Erenhot,CN,71.6,clear sky,43.6475,111.9767,Erenhot Rurouni Youth Hostel
689,Kiama,AU,66.38,scattered clouds,-34.6833,150.8667,The Sebel Kiama Harbourside
691,Pasighat,IN,92.88,broken clouds,28.0667,95.3333,Siang Guest House
692,Kuruman,ZA,74.98,clear sky,-27.4524,23.4325,Cornerstone Guest House
694,Mabaruma,GY,74.1,clear sky,8.2,-59.7833,Monty Brooms Guest House
695,Ulladulla,AU,66.78,clear sky,-35.35,150.4667,Sandpiper Motel
696,Hays,US,71.6,broken clouds,30.0502,-98.0336,Sinya on Lone Man Creek
698,Soe,ID,84.02,broken clouds,-9.8607,124.284,Dena Hotel
699,Aloguinsan,PH,85.59,light rain,10.2219,123.5483,Al Maxi Apartelle
704,Sungairaya,ID,77.7,overcast clouds,0.7,108.9,Mess P.Milu
707,Gushikawa,JP,87.39,broken clouds,26.3544,127.8686,Kirari Guest House
709,Luanda,AO,75.2,broken clouds,-8.8368,13.2343,LANDU MARINEZA LUFUANDU TONI
710,Aranos,,74.34,scattered clouds,-24.1333,19.1167,Ley-Lia Guest House
713,Carlsbad,US,68.22,overcast clouds,33.1581,-117.3506,Carlsbad Inn Beach Resort
714,Chifeng,CN,72.01,clear sky,42.2683,118.9636,Junyu Tiancheng Hotel
716,Hendaye,FR,70.56,clear sky,43.3717,-1.7738,Parador de Hondarribia
721,Jorochito,BO,73.13,scattered clouds,-18.05,-63.4333,Tom¬¥s Hauss
723,Krizevci,HR,66.29,broken clouds,46.0219,16.5425,Koristan Kod d.o.o.
724,Bundu,IN,86.22,broken clouds,23.1833,85.5833,Rajdhani Hotel
726,Eresos,GR,72.91,clear sky,39.1667,25.9333,Studio Aspa
727,Saurimo,AO,71.49,broken clouds,-9.6608,20.3916,Hotel Kawissa Saurimo
728,Miki,JP,83.88,few clouds,34.8,134.9833,Â∞èÈáéÂêëÊó•Ëëµ„Éõ„ÉÜ„É´
729,Bajil,YE,89.26,clear sky,15.0584,43.2851,ŸÅŸÜÿØŸÇ ÿ≠ÿ∂ÿ±ŸÖŸàÿ™
730,Chai Nat,TH,85.82,overcast clouds,15.1167,100.1,Thai Boxing ROSEINN RESORT
731,Limbang,MY,89.71,broken clouds,4.75,115.0,Purnama Hotel
733,Mudanya,TR,68.09,clear sky,40.3753,28.8822,Kƒ±lƒ±√ß Otel
734,Catabola,AO,68.86,broken clouds,-12.15,17.2833,Residencial Princesa
735,Estelle,US,71.01,mist,29.8458,-90.1067,Boomtown Casino & Hotel New Orleans
738,Cleveland,US,67.01,clear sky,41.4995,-81.6954,Renaissance Cleveland Hotel
741,Izmir,TR,71.11,clear sky,38.4622,27.0923,Blue City Boutique Hotel
742,Boyolangu,ID,83.26,broken clouds,-8.1181,111.8935,Yos ega cv
748,Bloemfontein,ZA,67.48,clear sky,-29.1211,26.214,aha Bloemfontein Hotel
751,Cumana,VE,82.49,broken clouds,10.4635,-64.1775,Posada Acuarela Los Roques
752,Puerto Rondon,CO,75.45,overcast clouds,6.2805,-71.1,Urbanizaci√≥n Santa Clara
754,Bilma,NE,79.3,clear sky,18.6853,12.9164,Expeditions T√©n√©re voyages
755,Hirara,JP,88.07,scattered clouds,24.8,125.2833,Hotel Atoll Emerald Miyakojima
757,Binabalian,PH,86.0,broken clouds,16.4202,119.9279,Sundowners Vacation Villas
758,Hun,LY,69.01,few clouds,29.1268,15.9477,Alrwasi Hotel
759,Linxia,CN,67.32,overcast clouds,35.6003,103.2064,GreenTree Inn Linxia Autonomous Prefecture Linxia Oxford River Avenue Express Hotel
760,Road Town,VG,81.19,clear sky,18.4167,-64.6167,"ZINGARA 76ft Catamaran, full crew-all included"
762,San Jose De Las Lajas,CU,72.52,clear sky,22.9614,-82.1511,Hostal Spirit
764,Pucallpa,PE,77.04,broken clouds,-8.3791,-74.5539,Hospedaje Komby
767,Middelburg,ZA,66.83,clear sky,-25.7751,29.4648,Oregon Place Guest House
768,Darab,IR,88.75,clear sky,28.7519,54.5444,Naghshe shapoor Hotel
775,Kimbe,PG,81.91,moderate rain,-5.5502,150.1429,Kimbe Bay Hotel
776,Darnah,LY,75.61,clear sky,32.767,22.6367,ŸÅŸÜÿØŸÇ ÿßŸÑŸÅÿ±ÿØŸàÿ≥
777,Alcaniz,ES,65.08,overcast clouds,41.05,-0.1333,Hotel Ciudad de Alca√±iz
782,Soyo,AO,75.25,overcast clouds,-6.1349,12.3689,Hotel Mpampa
784,Shimoda,JP,73.76,clear sky,34.6667,138.95,Shimoda Tokyu Hotel
785,Meadow Lake,US,65.12,overcast clouds,34.8014,-106.5436,TumbleWeed RV Park
786,Riyadh,SA,86.14,overcast clouds,24.6877,46.7219,"InterContinental Riyadh, an IHG Hotel"
787,Ngawen,ID,92.05,broken clouds,-7.0032,111.3129,MURAI BATU BIRD FARM BASE'CAMP IBF
788,Sarangarh,IN,85.15,overcast clouds,21.6,83.0833,JAGDISH STAINLESS STEEL WORK SHOP
791,Alyangula,AU,85.87,broken clouds,-13.8483,136.4192,Groote Eylandt Lodge
797,Cabedelo,BR,75.87,scattered clouds,-6.9811,-34.8339,Hotel Pigalle
798,Gweru,ZW,70.3,clear sky,-19.45,29.8167,Suskwe Lodges
801,Rodrigues Alves,BR,72.99,scattered clouds,-7.738,-72.6509,Pousada Aconchego
802,Bandarbeyla,SO,88.93,clear sky,9.4942,50.8122,JABIR HOTEL
803,Rincon,US,69.85,clear sky,32.296,-81.2354,Days Inn Rincon
804,San Michele Al Tagliamento,IT,68.05,overcast clouds,45.7644,12.9949,Hotel Ristorante Pizzeria Cigno
806,Zhoucheng,CN,74.44,overcast clouds,35.9122,116.3117,Yingbin Restaurant
807,Boa Vista,BR,78.78,clear sky,2.8197,-60.6733,Aipana Plaza Hotel
808,Port Augusta,AU,82.71,overcast clouds,-32.5,137.7667,Majestic Oasis Apartments
809,San Gabriel,US,68.16,overcast clouds,34.0961,-118.1058,Hilton Los Angeles/San Gabriel
810,Dayong,CN,91.08,clear sky,25.0209,118.2898,Haiyue Express Hotel
811,Maragogi,BR,75.25,broken clouds,-9.0122,-35.2225,Salinas do Maragogi All Inclusive Resort
812,Vila Velha,BR,71.55,broken clouds,-20.3297,-40.2925,Quality Suites Vila Velha
814,Kishorganj,BD,94.33,scattered clouds,24.4333,90.7667,‡¶π‡ßÅ‡¶∏‡¶æ‡¶á‡¶® ‡¶∏‡ßá‡¶¨‡¶æ ‡¶π‡ßã‡¶ü‡ßá‡¶≤
815,Meulaboh,ID,78.8,overcast clouds,4.1363,96.1285,Kost Pria
817,Ushtobe,KZ,78.89,scattered clouds,45.2514,77.9838,"Gostinitsa ""Diyar"""
819,Junction City,US,77.81,clear sky,39.0286,-96.8314,Comfort Inn & Suites Junction City - Near Fort Riley
822,Matara,LK,80.92,overcast clouds,5.9485,80.5353,Amaloh Boutique Resort
823,Labuhan,ID,87.8,broken clouds,-6.8844,112.2051,PT PPI Lamongan Tambak C
826,Charters Towers,AU,88.97,clear sky,-20.1,146.2667,Cattleman's Rest Motor Inn
827,Galesburg,US,70.79,clear sky,40.9478,-90.3712,"Holiday Inn Express & Suites Galesburg, an IHG Hotel"
828,Maceio,BR,78.24,broken clouds,-9.6658,-35.7353,Poutur Pousada
829,Buraydah,SA,82.85,scattered clouds,26.326,43.975,ŸÅŸÜÿØŸÇ ÿ±ÿßÿ≠ÿ© ÿßŸÑÿ≥ŸÑÿßŸÖ
831,Nyeri,KE,65.46,scattered clouds,-0.4201,36.9476,Westwood Hotel
832,Lahaina,US,78.8,scattered clouds,20.8783,-156.6825,Lahaina Shores Beach Resort
834,Chivacoa,VE,88.03,broken clouds,10.1603,-68.895,Hotel Fache C.A
836,Patitirion,GR,75.38,clear sky,39.15,23.8667,Pension Votsi
839,Srivardhan,IN,83.23,broken clouds,18.0333,73.0167,Savli Resort/Hotel - Shrivardhan
843,Lamar,US,73.06,clear sky,33.6668,-95.5836,Kings Inn Paris TX
844,Xam Nua,LA,74.77,broken clouds,20.4197,104.0439,Xee Wang Guesthouse
845,Raha,IN,90.27,scattered clouds,26.2333,92.5167,"Greedy, Brainless Rent House ( ‡¶Ö‡¶π‡¶Ç‡¶ï‡¶æ‡ß∞‡ßÄ, ‡¶™‚Äå‡¶á‡¶ö‡¶æ‡¶ñ‡¶ï‡ßÅ‡ß±‡¶æ ‡¶≠‡¶æ‡¶°‡¶º‡¶æ‡¶ò‡ß∞)"
846,Balkanabat,TM,69.33,clear sky,39.5108,54.3671,Nebitchi Hotel
848,Longyan,CN,94.51,clear sky,25.1072,117.0225,Jinjiang Inn Longyan Zhongshan Road Pedestrian Street
851,Marsh Harbour,BS,79.39,clear sky,26.5412,-77.0636,Abaco Beach Resort
852,Masallatah,LY,69.94,overcast clouds,32.6167,14.0,Mustafa Taher Sowaidan
855,Nongan,CN,70.59,broken clouds,44.382,125.1685,Quanhu Resort
856,Robinson,US,72.79,clear sky,31.4677,-97.1147,Flat Creek Farms RV Resort
859,Mareeba,AU,83.44,broken clouds,-17.0,145.4333,Trinity Plains Tourist Park
864,Aguadilla,PR,79.59,clear sky,18.4275,-67.1541,WSSM Surf House
866,Newcastle,AU,66.78,few clouds,-32.9272,151.7765,NOAH'S on the beach
870,Meru,KE,69.58,clear sky,0.0463,37.6559,Meru Paramount Hotel
873,Siparia,TT,77.79,few clouds,10.1333,-61.5,Brook Gardens
874,Conceicao Do Araguaia,BR,80.73,broken clouds,-8.2578,-49.2647,Tarum√£ Tropical Hotel
875,San Matias,BO,80.4,scattered clouds,-16.3667,-58.4,"HOTEL ""SAN JOSE"""
876,Phalombe,MW,78.04,scattered clouds,-15.8064,35.6507,RIVONIA
877,Ryotsu,JP,76.96,scattered clouds,38.0833,138.4333,Sadokamoko Onsen Kohanno Yado Yoshidaya
878,Surt,LY,72.32,scattered clouds,31.2089,16.5887,ÿßŸÑŸáÿßÿØŸä ÿßÿ®Ÿàÿ¥ÿπÿßŸÑŸá ÿ≥ÿ±ÿ™
880,Madang,PG,84.63,overcast clouds,-5.2246,145.7966,Comfort Inn Hotel
882,Rock Sound,BS,81.52,overcast clouds,24.9,-76.2,Rock Sound Club
885,Warri,NG,74.93,broken clouds,5.5167,5.75,BON Hotel Delta
886,Praia,CV,77.54,few clouds,14.9215,-23.5087,LT Aparthotel
887,Minamata,JP,83.71,few clouds,32.2167,130.4,„Çπ„Éº„Éë„Éº„Éõ„ÉÜ„É´Ê∞¥‰ø£
889,Gotsu,JP,77.14,few clouds,35.0,132.2167,Yurusato
891,Nanakuli,US,80.55,broken clouds,21.3906,-158.1547,Camp PƒÅlehua
895,Poum,NC,72.36,clear sky,-20.2333,164.0167,G√Æte kajeon
896,Knyaze-Volkonskoye,RU,70.14,light rain,48.4642,135.4567,Obshchezhitiye
898,Fengzhen,CN,70.86,overcast clouds,40.4394,113.1536,Feng Zhen Hotel
901,Mountain Home,US,66.94,clear sky,43.133,-115.6912,Mountain Home Inn
902,Sao Joao Da Barra,BR,71.76,overcast clouds,-21.6403,-41.0511,Pousada Porto De Canoas
905,Wanning,CN,85.44,few clouds,18.8003,110.3967,Paradise Hotel
906,Huangmei,CN,89.73,few clouds,30.1924,116.025,Tianxiachan Hotel
907,Kifri,IQ,86.22,clear sky,34.6959,44.9661,ŸÖ€åÿ≤ÿßŸÜ ⁄©ŸÅÿ±€å
908,Yulara,AU,93.04,broken clouds,-25.2406,130.9889,Desert Gardens Hotel - Ayers Rock Resort
910,Mmabatho,ZA,73.36,clear sky,-25.85,25.6333,Mahikeng Guest Apartments
911,Santa Lucia,ES,65.52,scattered clouds,27.9117,-15.5407,Las Tirajanas
912,Seddon,AU,69.89,scattered clouds,-37.8068,144.8916,Footscray Motor Inn
913,Itacare,BR,72.34,broken clouds,-14.2775,-38.9967,Ecoporan Hotel Charme Spa & Eventos
917,Balabac,PH,86.16,scattered clouds,7.9868,117.0645,Sing and Swing Lodge
918,Siuna,NI,71.8,overcast clouds,13.7332,-84.7773,hotel los chinitos
920,Sabha,LY,70.5,clear sky,27.0377,14.4283,Foundation Taaj Asala for Historical Research and Archeology
921,Samana,DO,78.13,scattered clouds,19.2056,-69.3369,The Bannister - Hotel & Yacht Club
922,Castro-Urdiales,ES,73.62,overcast clouds,43.3829,-3.2204,Hotel Las Rocas Playa
923,Mangochi,MW,80.11,scattered clouds,-14.4782,35.2645,Fort Johnstone Hotel
924,Lingyuan,CN,74.01,broken clouds,41.24,119.4011,Guomao Hotel
925,Hargeysa,SO,81.07,clear sky,9.56,44.065,City Center Hotel
926,Samarinda,ID,88.43,overcast clouds,-0.5,117.15,Aston Samarinda Hotel & Convention Center
929,Mackay,AU,76.98,clear sky,-21.15,149.2,International Lodge Motel
933,Waddan,LY,69.04,clear sky,29.1614,16.139,ŸÖÿ≠ŸÑ ÿßŸÑÿ¥ÿ±ŸäŸÅ ŸÖÿ≠ŸÖÿØ ÿßŸÑÿπÿßŸäÿ®
934,Fernley,US,69.75,clear sky,39.608,-119.2518,Super 8 by Wyndham Fernley
937,Ntcheu,MW,72.23,few clouds,-14.8203,34.6359,Dear Executive Lodge
940,Ierapetra,GR,77.14,clear sky,35.01,25.7353,Cretan Villa Hotel & Apartments in Ierapetra Crete.
941,Quelimane,MZ,81.99,clear sky,-17.8786,36.8883,Hotel Flamingo
942,Noumea,NC,71.58,broken clouds,-22.2763,166.4572,H√¥tel Le Lagon
943,Casa Nova,BR,75.18,clear sky,-9.4167,-41.1333,Pousada e Restaurante Dona Xinha
945,Choix,MX,77.31,clear sky,26.7092,-108.3219,Hotel Montesclaros
946,Condega,NI,69.31,overcast clouds,13.365,-86.3985,Estancia Do√±a Rosario
949,Nacala,MZ,81.72,broken clouds,-14.5428,40.6728,Nacala Plaza Business Design Hotel
950,Cabra,ES,68.4,overcast clouds,37.4725,-4.4421,MS Fuente Las Piedras
951,San Javier,ES,72.25,clear sky,37.8063,-0.8374,Hotel Mar Menor
952,Lavumisa,SZ,74.52,clear sky,-27.31,31.892,ROADSIDE B&B
953,Sopelana,ES,73.18,clear sky,43.3789,-2.9831,Hotel Modus Vivendi
954,Mawlamyine,MM,79.72,overcast clouds,16.4914,97.6256,Sandalwood Hotel
955,Panzhihua,CN,85.48,clear sky,26.5851,101.7128,Electric Power Hotel
957,Nikko,JP,66.96,overcast clouds,36.75,139.6167,Nikko Senhime Monogatari
958,Mahuva,IN,83.48,overcast clouds,21.0914,71.7622,Hotel Blue Diamond.
959,Antalaha,MG,72.79,light rain,-14.9003,50.2788,Hotel Vitasoa
960,Kariba,ZW,79.74,scattered clouds,-16.5167,28.8,Caribbea Bay Hotel
961,Saposoa,PE,69.76,broken clouds,-6.934,-76.7716,Hostal Primavera
967,Nabire,ID,84.85,broken clouds,-3.3667,135.4833,Hotel Nusantara Nabire
968,Baiyin,CN,67.08,overcast clouds,36.5583,104.2081,GreenTree Alliance Gansu Baiyin Renmin Road Hotel
971,Yibin,CN,78.44,broken clouds,28.7667,104.6238,Handsome Guesthouse
972,Gidam,IN,79.77,light rain,18.9833,81.4,Dhanshree Lodge And DormItory
975,Diamantino,BR,73.09,broken clouds,-14.4086,-56.4461,Hotel Delta
976,Sakakah,SA,81.97,clear sky,29.9697,40.2064,Fakhamat Al Orjoana Apartment
977,Manzil Salim,TN,69.8,broken clouds,35.8567,8.4765,mohamed ben khlil omri
983,Taua,BR,75.65,few clouds,-5.9667,-40.3,Love Star Motel
984,Sokoni,TZ,77.43,few clouds,-6.4333,39.55,Ujamaa Beach Resort
987,Tutoia,BR,78.96,broken clouds,-2.7619,-42.2744,Pousada Guar√°'s
988,Chateauneuf-Les-Martigues,FR,67.51,overcast clouds,43.3833,5.1667,Hotel Restaurant L'Hacienda
990,Ravar,IR,82.69,clear sky,31.2656,56.8055,⁄©ÿßŸÅ€å ŸÜÿ™ Ÿà ⁄©ÿßŸÖŸæ€åŸàÿ™ÿ±Ÿæÿ±ÿ¥€åŸÜ ÿ≥€åÿ≥ÿ™ŸÖ
995,Kutum,SD,74.44,few clouds,14.2,24.6667,Dibbo areaŸÖŸÜÿ∑ŸÇÿ© ÿØÿ®Ÿà
996,Natal,BR,74.05,broken clouds,-5.795,-35.2094,Villa Park Hotel | Natal
998,Dongsheng,CN,70.41,overcast clouds,39.8161,109.9776,Crowne Plaza Ordos
999,Gornji Milanovac,RS,68.04,overcast clouds,44.0333,20.45,Hotel Park GM
1000,Palembang,ID,89.69,moderate rain,-2.9167,104.7458,ASTON Palembang Hotel & Conference Center
1002,Pontianak,ID,85.98,broken clouds,-0.0333,109.3333,Aston Pontianak Hotel & Convention Center
1005,Jiangkou,CN,85.89,clear sky,25.4872,119.1986,DFM Hotel
1006,Takestan,IR,66.33,clear sky,36.0696,49.6959,baghdadi hotelŸáÿ™ŸÑ Ÿà ÿ±ÿ≥ÿ™Ÿàÿ±ÿßŸÜ ÿ®ÿ∫ÿØÿßÿØ€å
1007,Huangpu,CN,87.04,overcast clouds,25.4433,113.1747,New Era Hotel Furnishing City
1010,Barranca De Upia,CO,71.24,overcast clouds,4.5696,-72.9668,HOTEL GUAICARAMO
1011,Kabale,UG,70.38,light rain,-1.2486,29.9899,Kings Hotel Kabale
1012,Houma,US,69.03,scattered clouds,29.5958,-90.7195,Courtyard by Marriott Houma
1015,Zhaoyuan,CN,68.83,overcast clouds,37.3592,120.3964,Super 8 Hotel Yantai Zhaoyuan Bus Terminal Branch
1016,Mastic Beach,US,67.01,clear sky,40.7668,-72.8521,Brushwood House by Smith Point Beach
1017,Port Hedland,AU,87.85,clear sky,-20.3167,118.5667,The Esplanade Hotel
1018,Purificacion,CO,75.15,few clouds,3.8587,-74.9313,Hotel Villa de las Palmas
1019,Areosa,PT,66.9,light rain,41.7178,-8.8571,Hotel Fl√¥r de Sal
1022,Mattru,SL,72.61,overcast clouds,7.6244,-11.8332,"Mondkor Town, Bagbo Chiefdom, Bo District"
1023,Anito,PH,83.08,overcast clouds,12.4497,125.2886,FELIPA LAODENIO PROPERTY
1024,Komsomolskiy,UZ,79.52,clear sky,40.4272,71.7189,Ikathouse
1026,Neiafu,TO,74.08,scattered clouds,-18.65,-173.9833,Mystic Sands Beachfront Accommodation
1027,Bako,ET,73.87,light rain,5.7833,36.5667,Goh Hotel
1028,Ayame,CI,72.84,overcast clouds,5.6083,-3.1563,Hotel Bossan
1029,Zhangye,CN,77.74,overcast clouds,38.9342,100.4517,Zhangye Lvzhou Holiday Inn
1030,Sarangani,PH,84.25,broken clouds,5.4033,125.4636,Ballistic Islet
1031,Beawar,IN,87.78,scattered clouds,26.1,74.3167,HL Palace Beawar
1033,Basco,PH,84.15,clear sky,20.4487,121.9702,Nathaniel's Lodge
1034,Ahuimanu,US,80.31,broken clouds,21.4447,-157.8378,Paradise Bay Resort
1035,Mangaratiba,BR,70.03,clear sky,-22.9597,-44.0406,Portobello Resort & Safari
1037,Domvraina,GR,83.12,clear sky,38.25,22.9833,Elia's Guest House
1039,Shuangcheng,CN,74.88,clear sky,45.35,126.2833,Xingcheng Hotel
1040,Enshi,CN,85.78,scattered clouds,30.3,109.4833,Moevenpick Enshi
1043,Yenagoa,NG,77.36,overcast clouds,4.9247,6.2642,Aridolf Resort Wellness and Spa
1044,Budaun,IN,91.63,few clouds,28.05,79.1167,Hotel J.P. Palace
1045,Tecoanapa,MX,76.28,overcast clouds,16.5167,-98.75,Hotel Manglares
1046,Itaituba,BR,71.91,scattered clouds,-4.2761,-55.9836,Hotel Campos
1047,Puri,IN,84.72,overcast clouds,19.8,85.85,OYO 1577 Hotel Shree Hari Grand
1048,Xapuri,BR,77.65,scattered clouds,-10.6517,-68.5044,Pousada dos Chapurys
1049,Mayumba,GA,77.25,overcast clouds,-3.432,10.6554,LIKWALE LODGE
1051,Miles City,US,65.37,clear sky,46.4083,-105.8406,FairBridge Inn & Suites Miles City
1054,Alanya,TR,71.73,clear sky,36.5438,31.9998,Panorama Hotel
1055,Sibu,MY,82.71,scattered clouds,2.3,111.8167,RH HOTEL (4 Star)
1056,Camopi,GF,69.28,scattered clouds,3.1655,-52.3158,La pousada
1058,Changtu,CN,68.07,broken clouds,42.7788,124.0955,Ming Yang Inn
1059,San-Pedro,CI,72.91,light rain,4.7485,-6.6363,Hotel Maria
1062,Hami,CN,77.05,clear sky,42.8,93.45,Laoyutang Resort
1064,Senanga,ZM,85.41,clear sky,-16.1167,23.2667,Zango lodge
1067,Morogoro,TZ,81.55,scattered clouds,-6.8167,37.6667,Nashera Hotel
1069,Pemba,MZ,79.5,scattered clouds,-12.974,40.5178,Guesthouse Samotina
1070,Manbij,SY,72.37,clear sky,36.5281,37.9549,Manbej City Hotel
1072,Fairview,US,65.48,broken clouds,40.8126,-73.999,Homewood Suites by Hilton Edgewater-NYC Area
1074,Griffith,US,70.05,clear sky,41.5284,-87.4237,"Motel 6 Hammond, IN - Chicago Area"
1075,Juruti,BR,75.43,broken clouds,-2.1522,-56.0922,Hotel Acau√£ - ORLA
1077,Harper,LR,74.28,overcast clouds,4.375,-7.7169,Screensaver
1083,South Yuba City,US,69.96,clear sky,39.1166,-121.6391,Bonanza Inn & Suites Yuba City
1084,America Dourada,BR,67.73,overcast clouds,-11.4553,-41.4361,Pousada do Ninho
1085,El Coco,PA,81.09,broken clouds,8.8703,-79.815,Orange House 1
1086,Luganville,VU,76.82,broken clouds,-15.5333,167.1667,The Espiritu Hotel
1088,Larsnes,NO,66.79,overcast clouds,62.2028,5.5773,Liset Feriesenter AS
1089,Itanagar,IN,92.03,few clouds,27.1,93.6167,Hotel Moomsie Itanagar
1091,Mizan Teferi,ET,74.77,few clouds,6.9833,35.5833,Hotel Salayish | ·àÜ·â¥·àç ·à≥·àã·ã≠·àΩ
1092,Carbonia,IT,74.35,broken clouds,39.1672,8.5222,Lu 'Hotel
1094,Constantine,DZ,67.41,scattered clouds,36.365,6.6147,Grand Hotel Cirta
1096,Mahibadhoo,MV,81.46,overcast clouds,3.7833,72.9667,Omadhoo Inn
1097,Tabou,CI,74.08,overcast clouds,4.423,-7.3528,hot√™l doufoulougou
1098,Coari,BR,72.45,broken clouds,-4.085,-63.1414,HOTEL ALEX FLAT
1099,Kyaka,TZ,82.45,few clouds,-1.2522,31.4203,Katekele business group
1100,Nantucket,US,66.96,clear sky,41.2835,-70.0995,Jared Coffin House
1101,Oranjestad,AW,82.9,few clouds,12.524,-70.027,Divi Village Golf & Beach Resort
1102,Gondanglegi,ID,90.52,scattered clouds,-7.7479,112.0132,Ndoll Gondanglegi
1103,Ponta Delgada,PT,69.49,broken clouds,37.7333,-25.6667,Vila Nova Hotel
1105,Embu,BR,69.12,clear sky,-23.6489,-46.8522,POUSADA DU VALLE - EMBU DAS ARTES - TABO√ÉO DA SERRA - ITAPECERICA DA SERRA - COTIA
1106,Banyo,CM,69.51,overcast clouds,6.75,11.8167,Motel JOMBA
1107,Kandrian,PG,81.84,light rain,-6.2167,149.55,Kandrian Station
1113,Camacha,PT,65.62,clear sky,33.0833,-16.3333,Hotel Porto Santo & Spa
1114,Taloqan,AF,78.82,clear sky,36.7361,69.5345,Saraisang street
1115,Man,CI,68.54,overcast clouds,7.4125,-7.5538,Sodetherm Hotel les Cascades Ma
1118,Enugu,NG,74.53,overcast clouds,6.4402,7.4943,Bestchoice Hotel & Suites Enugu
1119,Palu,ID,85.01,overcast clouds,-0.8917,119.8707,Hotel Santika Palu
1120,Arrifes,PT,67.23,broken clouds,37.7667,-25.7,Hotel Ponta Delgada
1122,Iquitos,PE,76.41,overcast clouds,-3.7481,-73.2472,Casa Morey Hotel & Restaurant
1123,Wesley,DM,80.85,few clouds,15.5667,-61.3167,Escape Dominica
1124,Xai-Xai,MZ,81.23,clear sky,-25.0519,33.6442,Complexo da Familia
1125,Rawah,IQ,83.66,clear sky,34.4816,41.9093,ÿØŸäŸàÿßŸÜ ÿßŸÑÿ¥ŸäÿÆ ŸÜÿßŸÖŸÇ ŸÖÿ≠ÿ≥ŸÜ ÿßŸÑÿ±ÿßŸàŸä
1126,Callaway,US,72.0,clear sky,30.153,-85.5699,"Holiday Inn Express & Suites Panama City-Tyndall, an IHG Hotel"
1128,Taylorville,US,69.87,clear sky,39.5489,-89.2945,Economy Inn
1131,Fort Smith,US,69.84,clear sky,35.3859,-94.3986,Hampton Inn Fort Smith
1132,Terre-De-Bas,GP,76.51,clear sky,15.8501,-61.6442,H√¥tel Bois Joli
1133,Praia Da Vitoria,PT,68.25,overcast clouds,38.7333,-27.0667,Hotel Branco I
1134,Cassilandia,BR,72.3,overcast clouds,-19.1133,-51.7342,Delirius Motel
1135,Inirida,CO,72.39,overcast clouds,3.8653,-67.9239,Fuente del Guania Hotel de Lujo
1138,Allapalli,IN,79.39,light rain,19.4167,80.0667,"Hotel IK Residency, GUEST HOUSE AC NON AC"
1139,Kalmunai,LK,91.36,overcast clouds,7.4167,81.8167,VS Villa
1140,Marsabit,KE,73.26,clear sky,2.3284,37.9899,Chicho Hotel
1142,Kyabram,AU,65.88,scattered clouds,-36.3167,145.05,Kyabram Motor Inn
1143,Plainview,US,65.75,clear sky,40.7765,-73.4673,Four Points by Sheraton Melville Long Island
1144,Honiara,SB,81.75,overcast clouds,-9.4333,159.95,Heritage Park Hotel
1145,Ambon,ID,84.34,scattered clouds,-3.6954,128.1814,Swiss-Belhotel Ambon
1146,Imbituba,BR,68.83,clear sky,-28.24,-48.6703,Praia Hotel Imbituba
1147,Calabozo,VE,74.07,scattered clouds,8.9242,-67.4293,Hotel Giardini
1149,Amambai,BR,72.27,clear sky,-23.1042,-55.2258,Keren Hotel
1150,Siavonga,ZM,84.13,overcast clouds,-16.5382,28.7088,Lavongora Waterfront Lodge
1154,Andros Town,BS,80.56,clear sky,24.7,-77.7667,Hanks place
1155,Mbandaka,CD,73.83,overcast clouds,0.0487,18.2603,Guest House Epervier
1156,Vryburg,ZA,81.3,clear sky,-26.9566,24.7284,Times Premier Lodge
1159,Abha,SA,75.02,clear sky,18.2164,42.5053,Abha Hotel
1161,Kalavad,IN,87.58,few clouds,22.2167,70.3833,Hetu Bapu Kadri
1162,Ortisoara,RO,65.95,overcast clouds,45.9636,21.1983,Pensiunea Trainic - Ortisoara
1163,Majene,ID,86.16,scattered clouds,-3.5403,118.9707,Kost Putri RABBANI
1164,Haapiti,PF,77.72,broken clouds,-17.5667,-149.8667,Linareva Moorea Beach Resort
1165,Rong Kwang,TH,86.02,overcast clouds,18.339,100.3174,Rong Kwang Hotel
1166,Hot Springs,US,69.76,clear sky,34.5037,-93.0552,Embassy Suites by Hilton Hot Springs Hotel & Spa
1171,Sonoita,MX,75.52,few clouds,31.85,-112.8333,Hotel Nora
1172,Angren,UZ,70.43,clear sky,41.0167,70.1436,Xusan Aka
1174,Bandar-E Anzali,IR,69.91,clear sky,37.4727,49.4622,Ÿáÿ™ŸÑ ÿ®€åÿß⁄Ü
1176,Javanrud,IR,67.64,clear sky,34.7961,46.5172,Bonnie power
1177,Mokolo,CM,78.35,overcast clouds,10.7398,13.8019,Diwa H√¥tel
1178,Menongue,AO,77.83,clear sky,-14.6585,17.691,Ritz Lauca
1179,Sweetwater,US,81.0,clear sky,25.7634,-80.3731,Li'l Abner Mobile Home Park
1180,Itaparica,BR,76.93,few clouds,-12.8883,-38.6786,Pousada Nel Blu
1181,Pasni,PK,85.55,scattered clouds,25.2631,63.471,Kashmiri Hotal
1183,Rabat,MA,65.61,overcast clouds,33.9911,-6.8401,H√¥tel Mercure Rabat Sheherazade
1184,Nagato,JP,80.51,broken clouds,34.3833,131.2,„ÅÑ„Åù„ÅÜÂ∫µ
1186,Florence,IT,68.72,broken clouds,43.7667,11.25,Italiana Hotels Florence
1187,Gorontalo,ID,86.54,scattered clouds,0.5412,123.0595,Maqna Hotel by Prasanthi
1191,Cascais,PT,65.52,few clouds,38.6979,-9.4215,Hotel Vila Gal√© Cascais
1192,Ferkessedougou,CI,69.87,scattered clouds,9.6,-5.2,Hotel Chateau
1197,Dedza,MW,70.5,clear sky,-14.3779,34.3332,Kapeleta Dedza Estates
1198,Mulege,MX,82.29,clear sky,26.8833,-111.9833,Casa Granada
1199,Magadi,IN,82.76,overcast clouds,12.9667,77.2333,SVB Caters
1201,Namie,JP,72.97,clear sky,37.4833,141.0,„ÅÑ„Åì„ÅÑ„ÅÆÊùë„Å™„Åø„Åà
1202,Vista,US,67.17,overcast clouds,33.2,-117.2425,La Quinta Inn by Wyndham San Diego Vista
1203,Dakar,SN,80.73,clear sky,14.6937,-17.4441,Redface Studios Meubl√©s
1206,Memari,IN,89.46,broken clouds,23.2,88.1167,Taktipur shiv mandir
1207,San Fernando,PH,86.14,few clouds,15.0286,120.6898,Maharlika Hostel
1211,Axim,GH,75.72,moderate rain,4.8699,-2.2405,Axim Beach Resort And Spa
1218,Tomatlan,MX,74.75,overcast clouds,19.9333,-105.25,El Salvial
1219,Shiyan,CN,70.41,overcast clouds,32.6475,110.7781,Fenghuang Garden Holiday Hotel
1224,Pierre,US,65.28,clear sky,44.3683,-100.351,Ramkota Hotel
1226,San Quintin,MX,68.13,overcast clouds,30.4833,-115.95,Don Eddie's Sport Fishing Center
1228,Koumac,NC,70.74,broken clouds,-20.5667,164.2833,Le Monitel
1229,Iwanai,JP,67.37,clear sky,42.9744,140.5089,„ÅÑ„Çè„Å™„ÅÑÈ´òÂéü„Éõ„ÉÜ„É´
1233,Benemerito De Las Americas,MX,71.11,overcast clouds,16.5167,-90.6439,"Tres Lagunas, Selva Lacandona"
1235,Buchanan,LR,73.36,heavy intensity rain,5.8808,-10.0467,Kamaneahn Hotel Inc
1236,Karoi,ZW,76.93,scattered clouds,-16.8099,29.6925,Chikangwe Guest houses
1237,Yambio,SS,78.46,few clouds,4.5721,28.3955,Naivasha Hotel
1238,Sao Gabriel Da Cachoeira,BR,71.67,overcast clouds,-0.1303,-67.0892,Alarne - √Årea De Lazer Do Alto Rio Negro
1240,Pasir Gudang,MY,89.92,scattered clouds,1.4584,103.8805,Swan Garden Hotel
1244,Yanam,IN,79.2,moderate rain,16.7333,82.2167,The Regency Hotel
1245,Bull Savanna,JM,76.42,clear sky,17.8868,-77.5902,Big Red's
1246,Ojinaga,MX,70.57,overcast clouds,29.5667,-104.4167,Suites Las Palmas
1248,Chiredzi,ZW,82.81,clear sky,-21.05,31.6667,Clevers Hotel Chiredzi
1250,Ginir,ET,67.84,light rain,7.1333,40.7,Sura Dare Village
1251,Mataram,ID,86.81,broken clouds,-8.5833,116.1167,Hotel Santika Mataram
1255,Hoi An,VN,91.36,clear sky,15.8794,108.335,Belle Maison Hadana Hoi An managed by H&K Hospitality
1256,Mao,ES,66.76,clear sky,39.8885,4.2658,ARTIEM Capri
1257,Tahoua,NE,75.18,clear sky,14.8888,5.2692,Bungalows Guesthouse
1259,Jalgaon,IN,84.4,overcast clouds,21.0167,75.5667,Hotel Plaza (BOOKING FOR FOREIGN TOURIST ONLY)
1261,Potrerillos Abajo,PA,73.24,overcast clouds,8.65,-82.4833,Hacienda Los Molinos Boutique Hotel
1263,Farafangana,MG,74.52,light rain,-22.8167,47.8333,Miarina
1264,Arkhipo-Osipovka,RU,66.31,clear sky,44.37,38.52,Zolotoy Kashtan Guest House
1267,Xingcheng,CN,70.16,overcast clouds,40.6167,120.7167,New Century Hotel
1269,Alto Araguaia,BR,70.47,broken clouds,-17.3147,-53.2153,Araguaia Palace Hotel
1272,Dubbo,AU,71.73,scattered clouds,-32.25,148.6167,Comfort Inn Blue Lagoon
1273,Port-Gentil,GA,78.76,scattered clouds,-0.7193,8.7815,Fengshui Residence
1274,Denia,ES,74.37,overcast clouds,38.8408,0.1057,Hotel Port D√©nia
1275,Sibolga,ID,77.85,overcast clouds,1.7427,98.7792,Hotel Syariah CN Darussalam
1276,Olinda,BR,76.73,broken clouds,-8.0089,-34.8553,Hotel Albergue de Olinda
1278,Barra Do Garcas,BR,72.25,clear sky,-15.89,-52.2567,Hotel Pousada Tropical
1281,Isiro,CD,78.73,clear sky,2.7739,27.616,Guest House Hewa Bora
1283,Iracoubo,GF,78.49,few clouds,5.4802,-53.2011,Le G√Æte d‚ÄôIracoubo
1285,Lubao,PH,89.67,few clouds,14.9167,120.55,Hacienda Gracia
1286,San Ignacio,BZ,73.54,clear sky,17.1561,-89.0714,Rainforest Haven Inn
1287,Yarada,IN,80.92,moderate rain,17.65,83.2667,Jeevan
1288,Port Keats,AU,85.24,broken clouds,-14.25,129.55,TDC Village (Hundred Man Camp)
1291,La Asuncion,VE,82.13,clear sky,11.0333,-63.8628,Colinas de Matasiete
1293,Campo Maior,BR,73.08,scattered clouds,-4.8278,-42.1686,Elite Hotel
1295,Nishihara,JP,87.46,scattered clouds,26.1842,127.7558,Minshuku Agaihama
1296,Gizo,SB,82.62,moderate rain,-8.103,156.8419,Imagination Island
1299,Chokwe,MZ,82.58,clear sky,-24.5333,32.9833,Complexo Sonho Real
1302,Port Victoria,KE,73.83,light rain,0.0939,33.9756,Homepark motel
1303,San Jeronimito,MX,76.5,overcast clouds,17.55,-101.3333,Quinta Mam√° P√≠a
1304,Vanimo,PG,82.89,overcast clouds,-2.6741,141.3028,Vahmoneh Lodge Vanimo
1308,Tanete,ID,88.59,scattered clouds,-3.9443,119.7848,Wisma Tri Multi
1312,Bodden Town,KY,83.93,clear sky,19.2833,-81.25,Will T Place
1314,Badulla,LK,81.25,overcast clouds,6.9895,81.0557,Budget comfort holiday
1317,Maroua,CM,81.01,broken clouds,10.591,14.3159,Maroua Palace
1319,El Tigre,VE,77.54,overcast clouds,8.8875,-64.2454,Hotel Santa Cruz
1320,Cozumel,MX,77.11,broken clouds,20.5083,-86.9458,Cozumel Palace¬Æ All Inclusive Resort
1323,Jangipur,IN,93.61,overcast clouds,24.4667,88.0667,"KICHU KHON LODGE ,‡¶ï‡¶ø‡¶õ‡ßÅ‡¶ï‡ßç‡¶∑‡¶® ‡¶≤‡¶ú ,SAHEBBAZAR"
1327,San Policarpo,PH,83.55,overcast clouds,12.1791,125.5072,Manong Aklan Resort
1328,Hlotse,LS,71.4,clear sky,-28.8718,28.045,Naleli Guest House
1332,Rosarito,MX,67.48,scattered clouds,32.3333,-117.0333,Hotel Festival Plaza Rosarito
1334,Nola,IT,73.92,overcast clouds,40.922,14.5329,Pamaran Hotel
1336,Mutuipe,BR,68.72,overcast clouds,-13.2286,-39.5047,Hotel Portal do Vale
1337,Juba,SS,80.98,clear sky,4.8517,31.5825,ROYAL PALACE HOTEL - JUBA
1338,Rach Gia,VN,85.95,overcast clouds,10.0167,105.0833,Nh√† H√†ng H√≤a Giang
1339,Lagunas,PE,75.36,broken clouds,-5.2269,-75.6753,Hospedaje Eco
1340,Algiers,DZ,69.62,broken clouds,36.7525,3.042,Sofitel Algiers Hamma Garden
1344,Hede,CN,79.0,overcast clouds,33.7681,120.2517,Vienna 3 Best Hotel Sheyang Jiefang Rd
1345,Beatrice,US,73.49,clear sky,40.2681,-96.747,Victorian Inn Beatrice
1346,Davila,PH,91.38,few clouds,18.4726,120.5763,Blue Ridge Beach Resort
1348,Sao Felix Do Xingu,BR,71.73,overcast clouds,-6.6447,-51.995,Rio Xingu Camping
1349,Waw,SS,80.1,few clouds,7.7029,27.9953,Universal Gab Hotel
1353,Tuxpan,MX,65.46,overcast clouds,19.55,-103.4,Hotel y Restaurante Campestre La Caba√±a
1354,Aguas De Lindoia,BR,66.6,scattered clouds,-22.4764,-46.6328,Plazza Hotel
1355,Botou,CN,75.45,overcast clouds,38.0667,116.5667,Hanting Hotel Huanghua City Hall
1356,Butterworth,MY,87.85,few clouds,5.3991,100.3638,Cititel Penang
1357,Robertsport,LR,74.37,moderate rain,6.7533,-11.3686,Kwepunha Retreat
1359,Elat,IL,78.64,scattered clouds,29.5581,34.9482,Club Hotel Eilat
1360,Champua,IN,85.1,overcast clouds,22.0833,85.6667,Rahul Nayak jaintgarh
1361,Binika,IN,86.5,light rain,21.0333,83.8,DISASTER ACCOMMODATION
1362,Savannakhet,LA,89.62,scattered clouds,16.566,104.751,‡πÇ‡∏£‡∏á‡πÅ‡∏£‡∏° ‡∏£‡∏¥‡πÄ‡∏ß‡∏≠‡∏£‡πå ‡∏ü‡∏£‡πâ‡∏≠‡∏ô‡∏ó‡πå
1363,Coruripe,BR,73.87,scattered clouds,-10.1256,-36.1756,Pousada e Hotel Litoral Sul
1367,Zhanaozen,KZ,68.52,few clouds,43.3,52.8,K.korabay 28A
1368,Ormara,PK,83.97,scattered clouds,25.2088,64.6357,Crystal Beach and Camping Resort Ormara
1369,Mount Pleasant,US,69.98,overcast clouds,32.7941,-79.8626,Best Western Patriots Point
1371,Arlit,NE,85.57,clear sky,18.7369,7.3853,Case de Passage De la Prefecture
1372,Punalur,IN,83.88,light rain,9.0,76.9333,Motel Araam
1373,Vieques,PR,79.9,clear sky,18.425,-65.8329,"The St. Regis Bahia Beach Resort, Puerto Rico"
1374,Bagaha,IN,93.34,clear sky,27.1,84.0833,Hotel The Royal Residency
1375,Malakal,SS,80.78,few clouds,9.5334,31.6605,Nile Palace Hotel
1376,Bataipora,BR,71.51,clear sky,-22.2953,-53.2711,Hotel Vale do Ivinhema
1377,Hongjiang,CN,94.06,overcast clouds,27.11,109.9956,Ê¥™Ê±üÂ§ßÈÖíÂ∫ó
1378,Araguacu,BR,76.8,few clouds,-12.9306,-49.8264,Hotel Tocantins
1379,Najran,SA,84.85,few clouds,17.4924,44.1277,ŸÖÿ≠ŸÖÿØ ŸáÿßÿØŸä ÿßŸÑ ŸÅÿ∑Ÿäÿ≠
1382,Guane,CU,75.4,few clouds,22.2025,-84.0875,base de Campismo LosPortales de Guane
1384,Kabompo,ZM,83.97,overcast clouds,-13.5927,24.2008,Big Tree
1389,Lingao,CN,85.26,moderate rain,19.9103,109.6859,Lingao Ditai Inn
1390,Ende,ID,82.18,overcast clouds,-8.8432,121.6623,Dwi Putra Hotel - Ende
1391,Jardim,BR,73.92,clear sky,-21.4803,-56.1381,Estancia Hotel - Jardim MS
1394,Palestine,PS,72.82,clear sky,31.9216,35.2033,Grand Park Hotel
1396,Llanes,ES,66.88,overcast clouds,43.4198,-4.7549,Hotel La Paz
1397,Quanzhou,CN,91.35,clear sky,24.9139,118.5858,Quanzhou Nice Youth Hostel
1399,Raudeberg,NO,65.98,overcast clouds,61.9875,5.1352,Nordre Silda.
1400,Tori Fatehpur,IN,88.63,overcast clouds,25.45,79.1333,Jain Dharamshala
1401,El Fuerte,MX,82.87,clear sky,26.4189,-108.6194,Hotel Rio Vista
1402,Iberia,US,73.47,overcast clouds,29.9502,-91.7507,back to back rv park
1403,Delray Beach,US,81.99,clear sky,26.4615,-80.0728,Opal Grand Resort
1404,Sungaipenuh,ID,72.5,overcast clouds,-2.0833,101.3833,Hotel Jaya Wisata 2
1405,Wilmington Island,US,69.98,clear sky,32.0036,-80.9737,Breezeway Studio Manor LLC
1406,Khon Kaen,TH,81.46,overcast clouds,16.5,102.0833,Major Grand
1407,Kashan,IR,75.15,clear sky,33.9831,51.4364,Manouchehri Traditional House
1408,Loandjili,CG,75.31,overcast clouds,-4.7561,11.8578,R√©sidence ARCHANGE
1412,Nyimba,ZM,86.88,few clouds,-14.5566,30.8149,Dali Dali Lodge
1413,Varna,BG,71.24,clear sky,43.2167,27.9167,Hotel Gran Ivan
1414,Ailigandi,PA,78.8,overcast clouds,9.2333,-78.0167,Akwa Reef Lodge
1415,Vangaindrano,MG,74.3,light rain,-23.35,47.6,Hotel Fanilo
1416,Wukari,NG,76.17,broken clouds,7.85,9.7833,Elimtop
1419,Pano Polemidia,CY,81.52,clear sky,34.7,33.0,Alasia Hotel
1421,Annau,TM,67.5,overcast clouds,37.8876,58.516,Buzmein Sokak
1422,Bardiyah,LY,75.29,clear sky,31.7561,25.0865,ÿ®Ÿàÿ±ÿ™Ÿà ÿ®ÿ±ÿØŸäÿ©
1429,Baghdad,IQ,82.31,clear sky,33.3406,44.4009,Baghdad Hotel
1430,Angoche,MZ,82.08,overcast clouds,-16.2325,39.9086,Guest House HESADA
1431,Sambava,MG,75.0,light rain,-14.2667,50.1667,Melrose
1434,Vega De Alatorre,MX,76.55,overcast clouds,20.0333,-96.6333,El Polo Norte
1435,Callaguip,PH,91.42,few clouds,18.0714,120.4867,Pangil Beach Resort
1439,Saint-Leu,RE,76.68,scattered clouds,-21.15,55.2833,La Caz Oceane
1440,Beira,MZ,73.49,mist,-19.8436,34.8389,Beira Terrace Hotel
1442,Benjamin Hill,MX,74.17,clear sky,30.1667,-111.1,Hotel Benjam√≠n Hill
1444,Bodrum,TR,74.68,clear sky,37.0383,27.4292,The Marmara Bodrum
1445,Banikoara,BJ,75.2,few clouds,11.2985,2.4386,H√¥tel de l'UCom CVPC
1447,Bundaberg,AU,70.21,broken clouds,-24.85,152.35,Takalvan Motel
1449,Bonthe,SL,75.07,overcast clouds,7.5264,-12.505,Bonthe Holiday Village
1453,Along,IN,94.93,scattered clouds,28.1667,94.7667,Hotel West
1455,Gossaigaon,IN,93.22,clear sky,26.4481,89.989,Daory Dhaba
1456,Abnub,EG,73.62,clear sky,27.2696,31.1511,Romany Adly Gad
1457,Pathein,MM,76.23,overcast clouds,16.7833,94.7333,New Pammawaddy Hotel
1458,Dangriga,BZ,79.99,overcast clouds,16.9692,-88.2321,Chaleanor Hotel
1459,Teseney,ER,83.26,scattered clouds,15.11,36.6575,Sabrin Hotel
1460,Manta,EC,71.38,overcast clouds,-0.95,-80.7333,Balandra Hotel
1461,Liaocheng,CN,72.68,light rain,36.4439,115.9647,ÂáØÊóãÂÆ´Â§ßÈÖíÂ∫ó
1462,Kambam,ID,85.08,light rain,5.2505,96.8629,Imam & ebenk homestay
1463,Katobu,ID,87.37,overcast clouds,-4.9408,122.5276,La Ode Husein
1464,Tala,EG,79.23,clear sky,30.6803,30.9429,ŸÖÿµÿ∑ŸÅŸâ ÿßÿ¥ÿ±ŸÅ
1465,Nikki,BJ,73.94,overcast clouds,9.9401,3.2108,Hotel John
1466,San Pedro De Macoris,DO,77.13,broken clouds,18.4616,-69.2972,Apartahotel Guaraguao
1469,Cradock,ZA,80.76,clear sky,-32.1642,25.6192,Die Hoekhuis
1471,Boke,GN,74.14,overcast clouds,10.9409,-14.2967,H√¥tel Rio Nunez - Bok√©
1473,Kano,NG,73.29,clear sky,12.0001,8.5167,Havana Guest Inn
1474,Santa Isabel,BR,72.66,clear sky,-23.3156,-46.2214,Ch√°cara Sombra do Alt√≠ssimo
1475,Tandur,IN,75.88,light rain,17.2333,77.5833,SPOT ON 63149 Swagath Residency
1476,Iwaki,JP,73.24,clear sky,37.05,140.8833,Toyoko Inn Iwaki Ekimae
1477,Kovur,IN,94.57,light rain,14.4833,79.9833,Hotel Yesh Park
1480,Pitimbu,BR,75.79,scattered clouds,-7.4706,-34.8086,Reserva do Abia√≠
1481,Shache,CN,82.18,clear sky,38.4167,77.2406,Delong Hotel
1486,Kassala,SD,85.08,few clouds,15.451,36.4,Amassi Hotel Gash
1488,Atambua,ID,83.57,overcast clouds,-9.1061,124.8925,Pastori 1 Jemaat Polycarpus
1494,Aiken,US,66.34,clear sky,33.5835,-81.5998,Aiken Cottages
1496,Torit,SS,80.26,light rain,4.4133,32.5678,Diplomat Guest House
1498,Ilhabela,BR,67.19,scattered clouds,-23.7781,-45.3581,Ilha Flat Hotel
1502,Mahon,ES,66.76,clear sky,39.8885,4.2658,ARTIEM Capri
1503,Simpang,ID,82.63,moderate rain,-1.2667,104.0833,Sk 7 rt 1 dusun 3 rantau makmur berbak
1505,Kasangulu,CD,76.14,overcast clouds,-4.5911,15.1708,H√¥tel le Relais
1507,Xuddur,SO,84.99,few clouds,4.1213,43.8894,Banjanay Hotel
1508,Le Port,RE,77.61,scattered clouds,-20.9373,55.2919,KORBEY D'OR OUEST
1509,Mubi,NG,77.22,few clouds,10.2676,13.2644,Hotel
1510,Bartlesville,US,75.76,clear sky,36.7473,-95.9808,Hilton Garden Inn Bartlesville
1512,Springfield,US,72.23,clear sky,37.2153,-93.2982,University Plaza Hotel & Convention Center
1517,Punto Fijo,VE,82.74,clear sky,11.6956,-70.1996,Santa Fe Inn Hotel
1518,Puerto Madero,MX,79.0,scattered clouds,14.7208,-92.4215,Hotel La Central
1520,Tarakan,ID,85.5,scattered clouds,3.3,117.6333,RedDoorz Syariah near Taman Berlabuh Tarakan
1522,Pachino,IT,74.61,clear sky,36.7186,15.0907,Pietra Bianca B&B
1524,Aksu,CN,79.61,clear sky,41.1231,80.2644,Pudong Holiday Hotel
1525,Grootfontein,,72.97,clear sky,-19.5667,18.1167,Meteor Travel Inn
1527,Ambilobe,MG,92.44,scattered clouds,-13.2,49.05,H√¥tel & Restaurant DIANA Ambilobe
1528,San Andres,CO,82.42,scattered clouds,12.5847,-81.7006,Hotel Arena Blanca
1529,Monywa,MM,87.06,overcast clouds,22.1167,95.1333,Monywa Hotel
1534,Panna,IN,90.91,scattered clouds,24.7167,80.2,The Jewel of The Jungle
1535,Mocuba,MZ,86.09,broken clouds,-16.8392,36.9856,Phama Lodge
1538,Kwinana,AU,69.31,clear sky,-32.25,115.7667,Rockingham Apartments
1539,Salina,US,77.13,clear sky,38.8403,-97.6114,"Holiday Inn Express & Suites Salina, an IHG Hotel"
1540,Maltahohe,,76.37,clear sky,-24.8333,16.9833,Maltah√∂he Hotel
1548,Chenzhou,CN,92.98,overcast clouds,25.8,113.0333,Thank Inn Chain Hotel hunan chenzhou beihu district wuling square
1550,Tendukheda,IN,88.95,overcast clouds,23.4,79.55,Aditya patel
1551,Marica,BR,73.85,broken clouds,-22.9194,-42.8186,Marica Hills
1553,Khorixas,,71.89,clear sky,-20.3667,14.9667,Khorixas Lodge
1554,Yatou,CN,71.64,light rain,37.15,122.3833,GreenTree Hotel Rongcheng Bus Station
1556,Sikonge,TZ,81.05,few clouds,-5.6333,32.7667,Pretoria 2 Lodge
1557,Letlhakane,BW,79.54,clear sky,-21.4167,25.5833,Motswedi Hotel P650
1559,Polignano A Mare,IT,73.69,few clouds,40.9959,17.2159,Grotta Palazzese
1560,Lufilufi,WS,80.38,few clouds,-13.8745,-171.5986,Leuaina Beach Resort and Spa
1561,Xucheng,CN,83.1,light rain,20.35,110.1288,Haixing Hotel
1562,Brufut,GM,77.09,scattered clouds,13.3814,-16.7518,Sheraton Gambia Hotel Resort & Spa
1563,Frontera,MX,79.95,overcast clouds,26.9333,-101.45,Casagrande Hotel
1564,Sembabule,UG,75.61,light rain,-0.0772,31.4567,Rainbow Motel ( Sembabule )
1570,Wuwei,CN,76.19,overcast clouds,37.9281,102.6414,Thank Inn Chain Hotel gansu wuwei liangzhou district xiguan middle road
1572,Hurricane,US,76.03,few clouds,37.1753,-113.2899,Super 8 by Wyndham Hurricane Zion National Park
1573,Rapar,IN,89.47,overcast clouds,23.5667,70.6333,Dharamshi Bapa‚Äôs Home
1574,Foggia,IT,65.98,few clouds,41.45,15.5333,B&B White
1577,Sitio Novo Do Tocantins,BR,76.93,clear sky,-5.5183,-47.4611,Imperial Hotel
1579,Ayni,TJ,75.83,clear sky,39.3941,68.5377,–ú–µ“≥–º–æ–Ω—Ö–æ–Ω–∞ –°–£“í–î
1583,Wamba,NG,74.66,scattered clouds,8.9333,8.6,Roma Zee Guest House Annex
1585,Kralendijk,BQ,82.38,clear sky,12.15,-68.2667,Divi Flamingo Beach Resort & Casino
1587,Mitsamiouli,KM,86.29,few clouds,-11.3847,43.2844,Foyer ADM
1588,Cartagena Del Chaira,CO,70.03,clear sky,1.3349,-74.8429,HOTEL LA ROCA
1589,Celestun,MX,77.97,clear sky,20.8667,-90.4,Posada Lilia
1593,Qinggang,CN,68.14,clear sky,46.6833,126.0833,Gold Hotel
1597,Camabatela,AO,67.53,overcast clouds,-8.1881,15.375,Pens√£o E Restaurantes
1598,Alto Parana,BR,69.42,clear sky,-23.1289,-52.3189,Fam√≠lia JF
1600,Ajdabiya,LY,74.79,clear sky,30.7554,20.2263,Almadina Hotel
1603,Mossendjo,CG,71.69,light rain,-2.9506,12.7261,HOTEL D'ASSISE
1604,Sao Miguel Do Araguaia,BR,76.59,clear sky,-13.275,-50.1628,Hotel Executivo Palace
1607,Bacolod,PH,84.76,heavy intensity rain,10.6667,122.95,Planta Hotel & Residences
1608,Sukumo,JP,72.99,overcast clouds,32.9333,132.7333,Sukumojo
1609,Jiuquan,CN,78.06,clear sky,39.7432,98.5174,Jiuquan Hotel
1610,Harmanli,BG,68.61,clear sky,41.9333,25.9,Prima Hotel
1611,Bouna,CI,70.68,overcast clouds,9.2667,-3.0,Hotel Reserve
1613,Lokoja,NG,75.13,overcast clouds,7.8024,6.743,Hotel Charvid
1615,Vicksburg,US,65.55,few clouds,32.3526,-90.8779,La Quinta Inn & Suites by Wyndham Vicksburg
1616,Bafq,IR,81.88,clear sky,31.6128,55.4107,Alamdar Hotel
1617,Niihama,JP,81.39,scattered clouds,33.9593,133.3167,„Çπ„Éº„Éë„Éº„Éõ„ÉÜ„É´Êñ∞Â±ÖÊµú
1619,Shizuishan,CN,78.82,overcast clouds,39.2333,106.7694,Xingji Hotel
1621,Tikrit,IQ,87.21,clear sky,34.6071,43.6782,ÿπŸÖÿßÿ±Ÿá ÿßŸÑÿπÿ®ÿ∑Ÿá
1622,Kindu,CD,75.67,broken clouds,-2.95,25.95,R√©sidence Okanda
1623,Coachella,US,86.23,clear sky,33.6803,-116.1739,Fantasy Springs Resort Casino
1624,Karonga,MW,81.09,scattered clouds,-9.9333,33.9333,Sumuka Inn
1625,Saqqez,IR,68.34,clear sky,36.2499,46.2735,Saqqez Hotel
1626,Itoman,JP,88.18,scattered clouds,26.1247,127.6694,Southern Beach Hotel & Resort Okinawa
1628,Linhares,BR,65.98,few clouds,-19.3911,-40.0722,Hotel Concei√ß√£o
1630,Aparecida Do Taboado,BR,72.5,overcast clouds,-20.0867,-51.0936,Aritana
1631,Podgorica,ME,65.98,clear sky,42.4411,19.2636,Hotel Podgorica
1632,Banjar,ID,84.06,broken clouds,-8.19,114.9675,The Hamsa Resort
1635,Ternate,ID,82.11,scattered clouds,0.8,127.4,Grand Dafam Bela Ternate
1638,The Valley,AI,80.46,clear sky,18.217,-63.0578,CeBlue Villas & Beach Resort
1639,Mishan,CN,68.67,overcast clouds,45.55,131.8833,Mishan Hotel
1640,Rajshahi,BD,92.97,overcast clouds,24.3667,88.6,Anjum Hotel International
1641,Ransang,PH,84.47,light rain,8.9603,117.5828,Black and Crystal Sand Campsite
1642,Salaga,GH,74.01,overcast clouds,8.5508,-0.5188,Bore Nada Guest House
1643,Nsanje,MW,88.83,few clouds,-16.92,35.262,Nsanje Discovery Lodge
1644,Lardos,GR,74.95,few clouds,36.0942,28.0157,Lindos Princess Beach Hotel
1645,Shahe,CN,68.31,overcast clouds,39.2708,113.5478,‰∫îÂè∞Â±±ÂÆæÈ¶Ü
1646,Riachao Das Neves,BR,75.4,clear sky,-11.7461,-44.91,Casa Costa
1647,Mae Sai,TH,83.52,overcast clouds,20.4335,99.8762,Piyaporn Hill Paradise Hotel
1648,Riberalta,BO,78.17,clear sky,-10.9833,-66.1,Hotel Colonial
1649,Jabinyanah,TN,75.0,clear sky,35.035,10.9081,maison belmabrouk
1650,Shakawe,BW,80.8,clear sky,-18.3667,21.85,Ditlhapi Guest House
1651,Kapit,MY,86.18,overcast clouds,2.0167,112.9333,Hotel Meligai Kapit
1652,Kerman,IR,76.86,clear sky,30.2832,57.0788,Ÿáÿ™ŸÑ ÿ¢Ÿæÿßÿ±ÿ™ŸÖÿßŸÜ ÿ¢ÿ≥ÿßŸÖ
1653,Pandan,PH,85.98,broken clouds,14.0453,124.1694,Bonifacio Lodge
1654,Igunga,TZ,80.74,few clouds,-4.2833,33.8833,Victoria Lodge
1655,Kigoma,TZ,83.23,scattered clouds,-4.8769,29.6267,MJI Mwema Lodge
1656,Sulangan,PH,84.79,overcast clouds,11.1373,123.7228,Maia's Beach Resort
1657,Tarime,TZ,75.2,few clouds,-1.35,34.3667,Kifa Best Point Hotel
1659,Karaton,ID,89.76,overcast clouds,-6.3424,106.1045,Parkir Mobil Wisata CAS Water Park
1660,Kota Kinabalu,MY,85.98,light rain,5.9749,116.0724,Gaya Centre Hotel
1663,Piranhas,BR,72.48,broken clouds,-16.4269,-51.8222,Planalto Hotel
1664,Gravatai,BR,66.24,mist,-29.9444,-50.9919,Hotel Gravata√≠ Center
1666,Ranau,MY,79.45,scattered clouds,5.9538,116.6641,The Second Room
1670,Lundazi,ZM,80.28,overcast clouds,-12.2929,33.1782,"Stones Hotel, Lundazi"
1671,Arecibo,PR,80.2,clear sky,18.4724,-66.7157,Atlantic Sand Oasis
1672,Yabrud,SY,67.53,clear sky,33.9674,36.6574,ÿßŸÑŸÖŸÜÿ≤ŸÑ
1673,Cabano,PH,84.87,overcast clouds,10.5869,122.7002,The Clara Beach and Guest House (official)
1674,Aguimes,ES,70.43,scattered clouds,27.9054,-15.4461,Hotel Villa de Aguimes
1675,Emerald,AU,87.94,scattered clouds,-23.5333,148.1667,The Irish Village
1676,Praya,CV,77.54,few clouds,14.9215,-23.5087,LT Aparthotel
1678,Saluzzo,IT,67.53,overcast clouds,44.6464,7.4862,Antico Podere Propano
1681,Grand-Lahou,CI,74.05,light rain,5.1367,-5.0242,Hotel Beatitude de Grand Lahou
1683,Holland,US,70.41,few clouds,42.7875,-86.1089,Hampton Inn Holland
1685,Mucurapo,TT,77.97,overcast clouds,10.6667,-61.5333,Courtyard by Marriott Port of Spain
1687,Pringsewu,ID,85.23,overcast clouds,-5.3582,104.9744,Urban Style by Front One
1688,Kennewick,US,72.12,clear sky,46.2113,-119.1372,Clover Island Inn
1690,Acapulco,MX,77.97,overcast clouds,16.8634,-99.8901,HS Hotsson Smart Acapulco
1691,Ekangala,ZA,70.3,clear sky,-25.6962,28.7492,Mbal'enhle Guest House
1692,Aplaya,PH,84.61,scattered clouds,8.6086,124.7681,Kahulugan Spring Resort
1693,Ermoupolis,GR,77.9,clear sky,37.4423,24.9425,Ploes
1698,Kathu,TH,75.02,light rain,7.9178,98.3332,Novotel Phuket Resort
1700,Santa Rosa,PH,87.78,light rain,14.3122,121.1114,Erlyn‚Äôs Sta Rosa City Home
1701,Divo,CI,69.96,overcast clouds,5.8397,-5.36,H√¥tel IROKO
1702,Kundiawa,PG,70.02,light rain,-6.0167,144.9667,Pari
1703,Wuda,CN,78.51,overcast clouds,39.4994,106.7117,Grape Sightseeing Garden
1704,Sumbe,AO,71.6,overcast clouds,-11.2061,13.8437,Hotel Ritz Sumbe
1707,Adeje,ES,72.95,few clouds,28.1227,-16.726,Gran Tacande Wellness & Relax
1708,Feijo,BR,73.27,few clouds,-8.1642,-70.3536,Hotel e Restaurante A“´ai
1709,Mathbaria,BD,89.87,overcast clouds,22.2876,89.9593,Shikdar Hotel
1710,Horadiz,AZ,66.97,clear sky,39.4488,47.3353,Horadiz Olympic Center
1711,Copperas Cove,US,71.04,clear sky,31.1241,-97.9031,Super 8 by Wyndham Copperas Cove
1712,Kambove,CD,80.19,overcast clouds,-10.8764,26.5969,Couvant des soeurs catholiques
1713,Mpulungu,ZM,85.5,scattered clouds,-8.7623,31.1141,Chela moche guest house
1714,Payo,ID,85.1,overcast clouds,-3.7508,103.6372,Mess keban agung
1715,Sayyan,YE,67.14,clear sky,15.1718,44.3244,ŸÖÿ™ŸÜÿ≤Ÿá Ÿà ÿ®ÿ≠Ÿäÿ±ÿ© ÿ≥ŸäÿßŸÜ
1718,Gangtok,IN,74.5,broken clouds,27.3333,88.6167,Hotel Le Primula
1720,Kasongo,CD,78.48,scattered clouds,-4.45,26.6667,Guest H√¥tel
1721,Batesville,US,65.08,clear sky,35.7698,-91.641,"Holiday Inn Express & Suites Batesville, an IHG Hotel"
1722,Santa Flavia,IT,76.37,overcast clouds,38.085,13.5351,La Caletta
1723,Ceyhan,TR,78.64,clear sky,37.0247,35.8175,Ilbeyli Kiz Ogrenci Yurdu
1724,Etchoropo,MX,84.74,clear sky,26.7667,-109.6667,Campo de Andr√©s cruz jusaino
1725,Bensonville,LR,72.95,heavy intensity rain,6.4461,-10.6125,Moinga
1726,Oriximina,BR,74.25,scattered clouds,-1.7656,-55.8661,Pousada Tia Am√©lia
1729,Malabor,PH,82.92,light rain,11.2729,122.0466,Kasa Raya Inn
1732,Ito,JP,76.77,clear sky,34.9667,139.0833,‰ºäÊù±Â∞èÊ∂åÂúí
1734,Catuday,PH,84.83,scattered clouds,16.2923,119.8062,Benjie's Kubo & Cottages
1736,San Angelo,US,72.32,clear sky,31.4638,-100.437,"Motel 6 San Angelo, TX"
1737,Bani Walid,LY,71.31,scattered clouds,31.7566,13.9942,ŸÖŸÜÿ≤ŸÑ ÿßŸÑÿµÿßÿ®ÿ± ÿ£ÿ®ŸàŸÅÿßŸÜÿ©
1741,La Palma,US,67.82,overcast clouds,33.8464,-118.0467,La Quinta Inn & Suites by Wyndham Buena Park
1742,Rabaul,PG,82.94,light rain,-4.1967,152.1721,Rabaul Hotel
1745,Yongan,CN,71.08,overcast clouds,39.6957,113.6871,Beiyue International Hotel
1748,Belmopan,BZ,79.3,overcast clouds,17.25,-88.7667,Villa San Juan
1749,Asyut,EG,73.58,clear sky,27.181,31.1837,Florence Hotel Assiut
1751,Kailua,US,80.58,broken clouds,21.4022,-157.7394,Sheffield House Bed & Breakfast
1752,Anori,BR,73.27,clear sky,-3.7728,-61.6442,Novo Hotel 05 Irmaos
1755,Portoferraio,IT,74.98,fog,42.8115,10.3146,Hotel Villa Ombrosa
1756,Gladstone,AU,71.53,light rain,-23.85,151.25,Highpoint International
1758,Sydney,AU,65.89,few clouds,-33.8679,151.2073,The Grace Sydney
1760,Polewali,ID,87.1,broken clouds,-3.4324,119.3435,Lilianto Hotel
1762,Manado,ID,86.77,scattered clouds,1.487,124.8455,Aryaduta Hotel
1763,Billings,US,71.37,clear sky,45.7833,-108.5007,Best Western Plus Clocktower Inn
1764,Black River,JM,82.4,clear sky,18.0264,-77.8487,Idlers' Rest Beach Hotel
1767,Union,US,66.11,overcast clouds,40.6334,-74.2663,Homewood Suites by Hilton Newark-Cranford
1769,Sao Jose Da Coroa Grande,BR,75.38,clear sky,-8.8978,-35.1478,Cr√¥a Mares Hotel
1771,Belance,PH,82.63,few clouds,16.1833,121.25,Sea of Clouds Dupax Norte Nueva Vizcaya
1772,Mporokoso,ZM,82.02,few clouds,-9.3727,30.125,Government Guest House
1773,Idenao,CM,74.64,light rain,4.2475,9.0047,Moland Beach Resort
1774,Babahoyo,EC,71.73,overcast clouds,-1.8167,-79.5167,CASA LOS VERGARA
1776,Humaita,BR,73.22,clear sky,-7.5061,-63.0208,Corr√™a Hotel
1778,Uige,AO,69.4,overcast clouds,-7.6087,15.0613,Hotel Catraio
1779,Kendari,ID,85.44,overcast clouds,-3.945,122.4989,Hotel Wixel
1781,Catia La Mar,VE,80.8,clear sky,10.6038,-67.0303,HOTEL PLAYA GRANDE CARIBE
1785,Greenfield,US,71.08,clear sky,42.9614,-88.0126,Brewtown Eatery Bar & Grill
1786,Coronado,US,68.32,overcast clouds,32.6859,-117.1831,El Cordova Hotel
1791,Jasper,US,75.25,clear sky,37.2001,-94.3502,Guest House Motel
1792,Kosum Phisai,TH,90.01,overcast clouds,16.2486,103.0674,Banrao
1794,Kamina,CD,82.99,few clouds,-8.7386,24.9906,Guest House Florvia
1798,De Aar,ZA,82.0,broken clouds,-30.6497,24.0123,Nyibiba Guesthouse
1800,Nortelandia,BR,75.11,broken clouds,-14.4547,-56.8028,Hotel Karysm√£
1801,Battle Creek,US,66.74,clear sky,42.3212,-85.1797,McCamly Plaza Hotel
1802,Charthawal,IN,92.39,clear sky,29.55,77.5833,Golden Tant House
1803,Sainte-Rose,GP,77.04,few clouds,16.3324,-61.6979,Villa - Duzer
1804,Yining,CN,90.68,overcast clouds,29.0361,114.5636,Xiushui Hotel
1806,Paka,MY,87.73,scattered clouds,4.6374,103.4368,RUMBIA RESORT VILLA
1807,Xinzhou,CN,72.9,overcast clouds,38.4092,112.7333,Shell Hotel - Xinzhou
1808,Cape Coast,GH,75.45,broken clouds,5.1053,-1.2466,Samrit Hotel
1809,Nha Trang,VN,87.8,few clouds,12.25,109.1833,Sheraton Nha Trang Hotel & Spa
1815,Pascagoula,US,66.24,clear sky,30.3658,-88.5561,Regency Inn
1817,Vidalia,US,65.98,clear sky,32.2177,-82.4135,Quality Inn & Suites
1819,Huangyan,CN,85.6,clear sky,28.6478,121.2594,ÊôØÂíåÂïÜÂä°ÈÖíÂ∫ó
1820,Dawei,MM,82.09,overcast clouds,14.0833,98.2,Hotel Dawei
1821,Novo Aripuana,BR,73.85,clear sky,-5.1206,-60.3797,POUSADA Flexy
1822,Trinidad,BO,79.86,few clouds,-14.8333,-64.9,Hotel Piesta
1826,Popondetta,PG,83.17,overcast clouds,-8.7537,148.2534,Timos Transit House
1829,Sari,IR,69.39,few clouds,36.5633,53.0601,Tajan Inn
1832,Yamada,JP,65.95,few clouds,39.4667,141.95,Iroha-ya Inn
1833,Srikakulam,IN,79.07,moderate rain,18.3,83.9,Sriram residency
1835,Zaranj,AF,82.36,clear sky,30.9667,61.8833,⁄©ÿßÿ±⁄ØÿßŸá ÿ®ŸÑŸà⁄© ÿ≤ŸÜ€å ÿ≥ÿ±ŸáŸÜ⁄Ø
1837,Raichur,IN,77.9,light rain,16.2,77.3667,Hotel CM Residency
1841,Marratxi,ES,69.91,clear sky,39.6421,2.7539,S'Hort de Son Caulelles
1842,Tamale,GH,74.91,overcast clouds,9.4008,-0.8393,Tap Hotel
1844,Divnomorskoye,RU,65.84,broken clouds,44.5011,38.1353,Primorskiy
1845,Sakhon Nakhon,TH,89.69,broken clouds,17.1612,104.1472,‡∏ö‡∏£‡∏¥‡∏©‡∏±‡∏ó ‡∏™‡∏Å‡∏•‡πÅ‡∏Å‡∏£‡∏ô‡∏î‡πå‡∏û‡∏≤‡πÄ‡∏•‡∏ã ‡∏à‡∏≥‡∏Å‡∏±‡∏î
1851,Yarim,YE,67.28,clear sky,14.298,44.3779,ŸàŸÑŸäÿØ ÿßŸÑŸÖÿ≥Ÿàÿ±Ÿä ÿßÿ®Ÿà ÿßÿ≥ÿØ
1852,Eenhana,,73.15,clear sky,-17.4667,16.3333,Hotel Litu
1855,Orthez,FR,69.73,overcast clouds,43.4884,-0.7724,Hotel Kyriad Orthez
1856,Toamasina,MG,77.0,light rain,-18.1667,49.3833,Hotel H1
1858,Kannur,IN,80.83,overcast clouds,11.8675,75.3576,Asokam Beach Resort and Ayurveda Chikitsa Kendram
1859,Simao,CN,73.38,scattered clouds,22.7886,100.9748,Changyu Hotel
1861,Puerto Leguizamo,CO,71.2,few clouds,-0.1934,-74.7819,la casona de juancho
1862,Luau,AO,80.19,scattered clouds,-10.7073,22.2247,Casa- Bernardo C√¢ndido
1863,Ribas Do Rio Pardo,BR,72.16,clear sky,-20.4431,-53.7592,Pousada Avenida
1864,Bela,IN,93.27,few clouds,25.9333,81.9833,Raj Bhawan
1865,Mandera,KE,87.62,clear sky,3.9366,41.867,Kornesh Hotel and Lodging
1866,Barahona,DO,79.21,broken clouds,18.2085,-71.1008,Hotel Caribe
1867,Dharchula,IN,84.0,few clouds,29.85,80.5333,Mahara Hotel
1868,Ninghai,CN,91.08,clear sky,29.2892,121.4247,Kaiyuan New Century Hotel
1870,Prieska,ZA,84.51,broken clouds,-29.6641,22.7474,Avenue GuestHouse
1872,Sao Francisco,BR,71.47,scattered clouds,-15.9486,-44.8644,Hotel Supremo
1873,Indapur,IN,84.15,overcast clouds,18.3,73.25,Hotel Open Umbrella
1874,Djambala,CG,73.36,overcast clouds,-2.5447,14.7533,Hotel Ravin D'or
1875,Portobelo,PA,77.95,overcast clouds,9.55,-79.65,Scuba Portobelo
1876,Pontes E Lacerda,BR,81.48,scattered clouds,-15.2261,-59.3353,Hotel Bressan
1877,Sala,MA,66.22,overcast clouds,34.0389,-6.8166,H√¥tel Mercure Rabat Sheherazade
1881,Chau Doc,VN,89.69,overcast clouds,10.7,105.1167,JADE AND SAPPHIRE GUESTHOUSE
1883,Mangan,IN,86.27,scattered clouds,27.5167,88.5333,Hotel Mout View
1884,Nirmal,IN,80.89,light rain,19.1,78.35,Hotel Mayuri
1887,Linfen,CN,69.55,light rain,36.0889,111.5189,Suoxing Hotel
1889,Lumajang,ID,84.69,few clouds,-8.1335,113.2248,SPOT ON 2440 Wallet Family Residence
1890,Hanting,CN,73.87,overcast clouds,36.7708,119.2108,Weifang Xinhongda Guesthouse
1891,Moerai,PF,75.96,overcast clouds,-22.4333,-151.3333,Le Manotel
1894,Scottsbluff,US,65.79,clear sky,41.8666,-103.6672,Hampton Inn & Suites Scottsbluff-Conference Center
1895,Acaponeta,MX,76.17,overcast clouds,22.4964,-105.3594,Hotel Casa Blanca
1897,Ikwiriri,TZ,87.76,few clouds,-7.9562,38.9716,Greenland lodge
1901,Kanadukathan,IN,89.4,overcast clouds,10.1754,78.7785,Chettinadu Court
1902,Cabinda,AO,75.34,broken clouds,-5.55,12.2,Hotel Maiombe
1903,Pozo Colorado,PY,73.8,clear sky,-23.4923,-58.7972,Hospedaje la Amistad
1906,Okahandja,,71.91,clear sky,-21.9833,16.9167,Guesthouse Villa Nina
1909,Puerto Baquerizo Moreno,EC,67.69,few clouds,-0.9,-89.6,Hotel los Algarrobos
1911,Rio Real,BR,68.05,few clouds,-11.4847,-37.9328,Hotel WD
1913,Acari,PE,65.19,scattered clouds,-15.4311,-74.6158,HOSPEDAJE XIMENA
1914,Changji,CN,70.59,clear sky,44.0167,87.3167,Lvye Holiday Resort
1915,Leeton,AU,70.9,scattered clouds,-34.5667,146.4,Historic Hydro Motor Inn
1916,Maumelle,US,70.57,broken clouds,34.8668,-92.4043,"Holiday Inn Express & Suites Maumelle - Little Rock NW, an IHG Hotel"
1917,Bantul,ID,85.75,overcast clouds,-7.8881,110.3289,Pondok Byru Kost & Homestay
1918,Deder,ET,67.3,light rain,9.3167,41.45,Yamrot hotel
1919,Piploda,IN,85.87,scattered clouds,23.35,75.4333,‡§∂‡•ç‡§∞‡•Ä ‡§Æ‡§π‡§æ‡§ï‡§æ‡§≤ ‡§°‡•á‡§∞‡•Ä
1920,Harlingen,US,80.89,overcast clouds,26.1906,-97.6961,Courtyard by Marriott Harlingen
1924,Qianjiang,CN,85.39,scattered clouds,30.4151,112.8859,Shell Qianjiang City Qianjiang bus station Hotel
1925,Zharkent,KZ,84.94,clear sky,44.1628,80.0,–≥–æ—Å—Ç–∏–Ω–∏—Ü–∞ Satti
1926,Am Timan,TD,76.41,few clouds,11.0297,20.2827,Palais du chef Canton Salamt
1927,Tawau,MY,89.73,broken clouds,4.2498,117.8871,Shervinton Executive Boutique Hotel
1929,Trenggalek,ID,81.73,scattered clouds,-8.05,111.7167,OYO 2966 Hotel Atriaz
1932,Bac Lieu,VN,86.0,overcast clouds,9.285,105.7244,Kh√°ch s·∫°n S√†i G√≤n B·∫°c Li√™u
1933,Keshabpur,BD,90.27,overcast clouds,22.9183,89.2112,MD. Anwar Hossain
1936,Tlapacoyan,MX,69.58,overcast clouds,19.9667,-97.2167,Hotel San Diego
1939,Puerto Narino,CO,77.23,overcast clouds,-3.7703,-70.3831,Eware Refugio Amazonico
1940,Woodward,US,72.63,clear sky,36.4337,-99.3904,"Holiday Inn Express & Suites Woodward Hwy 270, an IHG Hotel"
1945,Pandharpur,IN,82.2,heavy intensity rain,17.6667,75.3333,Pandharinath Lodge and Restaurant
1946,Nchelenge,ZM,82.51,overcast clouds,-9.3451,28.734,KD Travellers Home
1948,Lakatoro,VU,77.04,scattered clouds,-16.0999,167.4164,Lakatoro Palm Lodge
1949,Lichinga,MZ,68.09,clear sky,-13.3128,35.2406,Residencial Bendiak
1950,Porto Empedocle,IT,74.44,broken clouds,37.2934,13.5264,Hotel dei Pini
1951,Gambela,ET,80.08,scattered clouds,8.25,34.5833,Solomon Debebe Hotel
1953,Muskegon,US,70.21,clear sky,43.3,-86.1334,Timberline Estates
1954,Baoqing,CN,65.95,overcast clouds,46.3317,132.2111,Baoqing Hotel
1956,Ode,NG,69.67,overcast clouds,7.7899,5.7117,MORALAB HOTEL
1957,Loikaw,MM,73.85,moderate rain,19.6742,97.2094,Myat Nan Taw Hotel
1960,Garowe,SO,91.26,broken clouds,8.4054,48.4845,Curubo Hotel
1963,Teahupoo,PF,71.56,broken clouds,-17.8333,-149.2667,Vanira Lodge
1964,Denizli,TR,65.25,overcast clouds,37.8402,29.0698,Anemon Denizli Hotel
1966,Manavalakurichi,IN,84.29,overcast clouds,8.1333,77.3,Udaya Boys Hostel
1968,Durant,US,70.29,clear sky,33.994,-96.3708,"Holiday Inn Express & Suites Durant, an IHG Hotel"
1970,At-Bashi,KG,70.34,clear sky,41.1702,75.8106,Hostel At-Bashy
1971,Bairiki,KI,84.2,few clouds,1.3292,172.9752,Tarawa Boutique Hotel
1973,Magdalena,PH,87.12,moderate rain,14.1999,121.429,Samparada & Gestiada Residences
1975,Inyonga,TZ,79.86,scattered clouds,-6.7167,32.0667,Eden Rock Lodge
1979,Bima,ID,87.12,overcast clouds,-8.4667,118.7167,Lambitu Hotel
1980,Ruwi,OM,91.09,clear sky,23.5996,58.5507,Al Falaj Hotel
1982,Excelsior Springs,US,76.82,clear sky,39.3392,-94.2261,The Elms Hotel & Spa
1985,Taiyuan,CN,75.06,clear sky,37.8694,112.5603,Jinjiang Inn
1986,Grandview,US,75.81,clear sky,38.8858,-94.533,Holiday Inn Express & Suites Kansas City-Grandview
1987,Chulumani,BO,65.75,overcast clouds,-16.4096,-67.5263,Hotel Cabanas Paradise
1988,Farafenni,GM,75.07,overcast clouds,13.5667,-15.6,Eddy's Hotel
1989,Qidong,CN,88.99,clear sky,31.8128,121.6561,Hilton Garden Inn Qidong
1991,Jackson,US,66.07,clear sky,42.4165,-122.8345,Agate Village Apartments
1993,Mamallapuram,IN,91.45,overcast clouds,12.6264,80.1722,Radisson Blu Resort Temple Bay Mamallapuram
1994,Bushehr,IR,86.02,clear sky,28.9684,50.8385,Yas Hotel
1995,Bontang,ID,83.61,scattered clouds,0.1333,117.5,KOPKAR Hotel Bintang Sintuk
1997,Luena,AO,77.45,few clouds,-11.7833,19.9167,Hotel Kandamba
1998,Bhaderwah,IN,80.55,scattered clouds,32.9784,75.7186,Hotel Shiv Residency and Restaurant Bhaderwah (J&K)
1999,Ciudad Bolivar,VE,77.23,scattered clouds,8.1222,-63.5497,Hotel Edi
2001,Rabo De Peixe,PT,68.27,broken clouds,37.8,-25.5833,Quinta das Giestas
2005,Port Said,EG,75.18,few clouds,31.2565,32.2841,Aracan Hotel
2006,Sampit,ID,86.72,moderate rain,-2.5333,112.95,Aquarius Boutique Hotel Sampit
2007,Qingdao,CN,73.0,broken clouds,36.0986,120.3719,‰∏úÊôñÂõΩÈôÖÂ§ßÈÖíÂ∫óÈ§êÂéÖ
2009,Pimenta Bueno,BR,74.77,scattered clouds,-11.6725,-61.1936,Cristalina Palace Hotel
2013,George Town,MY,87.75,few clouds,5.4112,100.3354,Cititel Penang
